TPW_dif,COMPLETE_dif,rank_dif,ATPP_dif,AAG_dif,SERVEADV,res_dif,speed,serve_width,serve_depth,return_depth,game_victor,,
0.03,0.046375419,-17,7045,-0.197449703,0.065840625,0.000214761,112.4,0.727272727,0.545454545,1.181818182,1,,
0.03,0.046375419,-17,7045,-0.197449703,0.065840625,-0.000128108,119.625,1.5,0.875,1.375,2,,
0.03,0.046375419,-17,7045,-0.197449703,0.065840625,0.000141663,119.4,1.2,0.6,1.4,1,,
0.03,0.046375419,-17,7045,-0.197449703,0.065840625,-0.000147428,117.25,1.5,1,0.5,2,,
0.03,0.046375419,-17,7045,-0.197449703,0.065840625,0.000314491,111.75,2,0.625,1.5,1,,
0.03,0.046375419,-17,7045,-0.197449703,0.065840625,-4.92E-05,112.6,0.6,0.8,1.2,2,,
0.03,0.046375419,-17,7045,-0.197449703,0.065840625,-5.58E-05,109.4,0.6,0.8,1.4,1,,
0.03,0.046375419,-17,7045,-0.197449703,0.065840625,5.85E-05,113.84,0.833333333,0.5,1.166666667,1,,
0.03,0.046375419,-17,7045,-0.197449703,0.065840625,3.10E-05,116.8333333,1.25,1,1.333333333,1,,
0.03,0.046375419,-17,7045,-0.197449703,0.065840625,-0.000199463,121.25,1.5,0.75,0.5,2,,
0.03,0.046375419,-17,7045,-0.197449703,0.065840625,-3.43E-05,114.375,1.375,0.875,1.125,2,,
0.03,0.046375419,-17,7045,-0.197449703,0.065840625,-0.000127647,115.75,1,0.25,1.75,2,,
0.03,0.046375419,-17,7045,-0.197449703,0.065840625,-0.000150674,107.25,0.875,0.625,1.25,1,,
0.03,0.046375419,-17,7045,-0.197449703,0.065840625,-0.000496385,122.5,1.1,0.8,1.3,2,,
0.03,0.046375419,-17,7045,-0.197449703,0.065840625,0.000145988,111.75,1.5,1,1,1,,
0.03,0.046375419,-17,7045,-0.197449703,0.065840625,-0.000222122,120.0833333,1.25,0.75,1.416666667,1,,
0.03,0.046375419,-17,7045,-0.197449703,0.065840625,9.88E-05,103.25,0.75,0.5,1.5,1,,
0.03,0.046375419,-17,7045,-0.197449703,0.065840625,-0.000190641,122,2.2,1,1.4,2,,
0.03,0.046375419,-17,7045,-0.197449703,0.065840625,0.000186074,114.1666667,2,1,1.166666667,1,,
0.03,0.046375419,-17,7045,-0.197449703,0.065840625,-0.000138803,116,1.2,0.4,1.4,2,,
0.03,0.046375419,-17,7045,-0.197449703,0.065840625,0.000186286,119.5,2,1,1.25,1,,
0.03,0.046375419,-17,7045,-0.197449703,0.065840625,-5.95E-05,122.2857143,1.5,0.571428571,1.142857143,2,,
0.03,0.046375419,-17,7045,-0.197449703,0.065840625,9.29E-05,108.6733333,0.833333333,0.333333333,1.333333333,1,,
0.03,0.046375419,-17,7045,-0.197449703,0.065840625,-0.000208528,123.0866667,0.833333333,0.666666667,0.916666667,2,,
0.03,0.046375419,-17,7045,-0.197449703,0.065840625,0.000169683,109,1.666666667,0.666666667,1.5,1,,
0.03,0.046375419,-17,7045,-0.197449703,0.065840625,7.31E-05,120.6,0.4,0.6,1.6,1,,
0.03,0.046375419,-17,7045,-0.197449703,0.065840625,0.000156401,115.008,1.6,0.4,0.6,1,,
0.03,0.046375419,-17,7045,-0.197449703,0.065840625,-1.12E-05,114.3333333,1.5,1,1.166666667,2,,
0.03,0.046375419,-17,7045,-0.197449703,0.065840625,0.000153576,105.75,1.5,0.5,0.75,1,,
0.03,0.046375419,-17,7045,-0.197449703,0.065840625,-0.000232706,120.5,1.125,0.75,0.875,2,,
0.03,0.046375419,-17,7045,-0.197449703,0.065840625,0.000333489,108.2,2.2,0.8,1.2,1,,
0.03,0.046375419,-17,7045,-0.197449703,0.065840625,-0.000214517,114.8,0.8,0.4,1,2,,
0.03,0.046375419,-17,7045,-0.197449703,0.065840625,-8.19E-05,112.18,1.5,0.5,0.833333333,2,,
0.03,0.046375419,-17,7045,-0.197449703,0.065840625,-0.000731138,118.1688889,1.388888889,0.777777778,1.111111111,2,,
0.03,0.046375419,-17,7045,-0.197449703,0.065840625,-1.14E-05,112.88,1.875,0.625,0.75,1,,
0.03,0.046375419,-17,7045,-0.197449703,0.065840625,-0.000214764,121.25,1.125,0.75,0.875,2,,
0.03,0.046375419,-17,7045,-0.197449703,0.065840625,0.000178902,111.408,0.4,0.4,1,1,,
0.03,0.046375419,-17,7045,-0.197449703,0.065840625,0.000169822,125.0066667,1.833333333,0.166666667,1.5,1,,
0.03,0.046375419,-17,7045,-0.197449703,0.065840625,6.56E-05,109.808,1.8,0.4,1,1,,
0.03,0.046375419,-17,7045,-0.197449703,0.065840625,-0.000192885,110.8,1.8,0.6,1.4,2,,
0.03,0.046375419,-17,7045,-0.197449703,0.065840625,0.0001659,111.25,1.625,0.875,1.25,1,,
0.03,0.046375419,-17,7045,-0.197449703,0.065840625,4.04E-05,113.5,1.333333333,0.833333333,1.666666667,1,,
0.03,0.046375419,-17,7045,-0.197449703,0.065840625,0.000118523,119,0.5,0.875,1,1,,
0,0.010476357,-85,3303,-0.048681978,0.002178125,0.000233222,114.2533333,1.5,0.833333333,1.416666667,2,,
0,0.010476357,-85,3303,-0.048681978,0.002178125,0.00014118,123.5,1.5,0.5,1.25,1,,
0,0.010476357,-85,3303,-0.048681978,0.002178125,-0.000190157,113.4,2,0.8,1.4,2,,
0,0.010476357,-85,3303,-0.048681978,0.002178125,0.000149812,130.8,1.6,0.4,1.2,1,,
0,0.010476357,-85,3303,-0.048681978,0.002178125,-8.15E-05,114.4,1.2,0.8,1.2,2,,
0,0.010476357,-85,3303,-0.048681978,0.002178125,0.000132184,120.8,1,1,1.4,1,,
0,0.010476357,-85,3303,-0.048681978,0.002178125,-0.000150156,117.5,1.25,0.5,0.75,2,,
0,0.010476357,-85,3303,-0.048681978,0.002178125,-0.000153241,118.6,1.6,0.8,1.4,2,,
0,0.010476357,-85,3303,-0.048681978,0.002178125,-0.000130327,122.5,1.333333333,0.666666667,1.166666667,2,,
0,0.010476357,-85,3303,-0.048681978,0.002178125,0.000243771,129,1,0.5,1.25,1,,
0,0.010476357,-85,3303,-0.048681978,0.002178125,-0.000208749,115.608,1.4,0.6,0.8,2,,
0,0.010476357,-85,3303,-0.048681978,0.002178125,0.00018176,127.25,1.5,0.25,0,1,,
0,0.010476357,-85,3303,-0.048681978,0.002178125,-0.000168545,111.75,1.5,0.5,0.75,2,,
0,0.010476357,-85,3303,-0.048681978,0.002178125,0.000245642,122.25,1.75,0.75,1.25,1,,
0,0.010476357,-85,3303,-0.048681978,0.002178125,-0.000204166,115,1.4,0.6,0.8,2,,
0,0.010476357,-85,3303,-0.048681978,0.002178125,0.00014597,119.25,1,1,1.5,1,,
0,0.010476357,-85,3303,-0.048681978,0.002178125,-0.000179871,113.6666667,1.833333333,0.833333333,1.833333333,2,,
0,0.010476357,-85,3303,-0.048681978,0.002178125,9.92E-05,118.34,1,0.5,0.833333333,1,,
0,0.010476357,-85,3303,-0.048681978,0.002178125,-0.000154877,114.4,1.4,0.4,1,2,,
0,0.010476357,-85,3303,-0.048681978,0.002178125,0.000163351,120.25,1.75,0.5,1,1,,
0,0.010476357,-85,3303,-0.048681978,0.002178125,-0.000268434,113.408,1.2,0.6,1.8,2,,
0,0.010476357,-85,3303,-0.048681978,0.002178125,-2.95E-05,122.2727273,1.454545455,0.818181818,0.909090909,2,,
0,0.010476357,-85,3303,-0.048681978,0.002178125,-0.000114741,116.5,1.666666667,0.5,1.333333333,2,,
0,0.010476357,-85,3303,-0.048681978,0.002178125,0.000198163,121.6,1.8,0.8,1.2,1,,
0,0.010476357,-85,3303,-0.048681978,0.002178125,-0.000165835,119.6666667,1.166666667,0.666666667,1.333333333,2,,
0,0.010476357,-85,3303,-0.048681978,0.002178125,9.37E-05,122,1.6,0.6,1.2,1,,
0,0.010476357,-85,3303,-0.048681978,0.002178125,-7.20E-05,119,0.8,0.6,1.4,2,,
0,0.010476357,-85,3303,-0.048681978,0.002178125,0.000277479,125.5,1.5,0.5,0.25,1,,
0,0.010476357,-85,3303,-0.048681978,0.002178125,-0.000291122,123.25,1.375,0.5,0.875,2,,
0,0.010476357,-85,3303,-0.048681978,0.002178125,-0.000231342,115.2,2.2,0.7,1.5,1,,
0,0.010476357,-85,3303,-0.048681978,0.002178125,-0.000114858,109.75,1.375,0.75,1.25,2,,
0,0.010476357,-85,3303,-0.048681978,0.002178125,0.000123406,116.75,1.25,0.25,1.5,1,,
0,0.010476357,-85,3303,-0.048681978,0.002178125,-0.000156109,115.8,0.8,0.8,1,2,,
0,0.010476357,-85,3303,-0.048681978,0.002178125,0.000170782,121.8,2.2,0.6,1,1,,
0,0.010476357,-85,3303,-0.048681978,0.002178125,5.62E-05,123.5033333,1.833333333,0.583333333,1.083333333,2,,
-0.01,-0.016148153,2,-260,0.005938392,-0.029421875,-0.000338454,112.8,1.2,0.8,1,2,,
-0.01,-0.016148153,2,-260,0.005938392,-0.029421875,0.00012064,117.75,1.75,0.25,1.25,1,,
-0.01,-0.016148153,2,-260,0.005938392,-0.029421875,-0.000188729,117.01,1.125,0.75,1,2,,
-0.01,-0.016148153,2,-260,0.005938392,-0.029421875,0.000141714,110,1.8,0.8,1,1,,
-0.01,-0.016148153,2,-260,0.005938392,-0.029421875,-0.000149234,115.75,1.5,0.75,0.5,2,,
-0.01,-0.016148153,2,-260,0.005938392,-0.029421875,4.93E-05,107.8366667,0.75,0.5,1.083333333,2,,
-0.01,-0.016148153,2,-260,0.005938392,-0.029421875,-0.000218057,126.4,2,0.6,0.8,2,,
-0.01,-0.016148153,2,-260,0.005938392,-0.029421875,-0.000275997,113.5,1.5,0.666666667,1.5,2,,
-0.01,-0.016148153,2,-260,0.005938392,-0.029421875,-9.90E-05,122.25,1.25,0.5,0.5,2,,
-0.01,-0.016148153,2,-260,0.005938392,-0.029421875,6.78E-05,104,1.333333333,0.5,1.666666667,1,,
-0.01,-0.016148153,2,-260,0.005938392,-0.029421875,-0.000140687,118.25,1.5,0.5,0.5,2,,
-0.01,-0.016148153,2,-260,0.005938392,-0.029421875,0.000117013,109,1,1,1,1,,
-0.01,-0.016148153,2,-260,0.005938392,-0.029421875,-8.09E-05,111,1.5,0.333333333,1.5,2,,
-0.01,-0.016148153,2,-260,0.005938392,-0.029421875,-0.000101234,106.4,1.4,0.8,1,2,,
-0.01,-0.016148153,2,-260,0.005938392,-0.029421875,-0.000196414,114,1.2,0.4,0.8,2,,
-0.01,-0.016148153,2,-260,0.005938392,-0.029421875,0.000108511,106.2,2,0.6,1.2,1,,
-0.01,-0.016148153,2,-260,0.005938392,-0.029421875,-0.000170823,117.5066667,0.833333333,0.666666667,0.666666667,2,,
-0.01,-0.016148153,2,-260,0.005938392,-0.029421875,0.000163308,106,2,0.8,1.8,1,,
-0.01,-0.016148153,2,-260,0.005938392,-0.029421875,-0.000204199,123,0.75,0.5,1.25,2,,
-0.01,-0.016148153,2,-260,0.005938392,-0.029421875,0.000222474,111.3333333,1.666666667,0.833333333,1,1,,
-0.01,-0.016148153,2,-260,0.005938392,-0.029421875,-0.000190781,120,1.25,0.75,0.75,2,,
-0.01,-0.016148153,2,-260,0.005938392,-0.029421875,-0.000227305,107.5,1.333333333,1,1.5,2,,
-0.01,-0.016148153,2,-260,0.005938392,-0.029421875,-0.000181279,106.8,1.6,1,1.2,2,,
-0.01,-0.016148153,2,-260,0.005938392,-0.029421875,-2.11E-05,101.4,1.8,0.8,1.2,2,,
-0.01,-0.016148153,2,-260,0.005938392,-0.029421875,-0.000361021,105.8,1.2,0.4,1.4,2,,
-0.01,-0.000737915,18,-2165,-0.096449809,-0.01671875,2.84E-05,100,0.25,0.5,1.5,1,,
-0.01,-0.000737915,18,-2165,-0.096449809,-0.01671875,-0.000103866,115.5,1,0.75,1,2,,
-0.01,-0.000737915,18,-2165,-0.096449809,-0.01671875,0.000148627,106.5,2.25,1,1.75,1,,
-0.01,-0.000737915,18,-2165,-0.096449809,-0.01671875,-6.58E-05,117.804,1.5,0.8,1.3,2,,
-0.01,-0.000737915,18,-2165,-0.096449809,-0.01671875,0.000174666,111.25,2,0.5,1.5,1,,
-0.01,-0.000737915,18,-2165,-0.096449809,-0.01671875,-0.000137388,114.604,1.5,0.7,1.1,2,,
-0.01,-0.000737915,18,-2165,-0.096449809,-0.01671875,-0.000170245,103.375,0.5,0.5,1,2,,
-0.01,-0.000737915,18,-2165,-0.096449809,-0.01671875,-0.000270278,115.625,1.125,0.625,1.25,2,,
-0.01,-0.000737915,18,-2165,-0.096449809,-0.01671875,-0.000206717,94.5,1.5,0.75,1.5,2,,
-0.01,-0.000737915,18,-2165,-0.096449809,-0.01671875,-0.000122779,120.1666667,1.666666667,0.666666667,1.5,2,,
-0.01,-0.000737915,18,-2165,-0.096449809,-0.01671875,0.000105922,105.25,1.5,0.75,1.5,1,,
-0.01,-0.000737915,18,-2165,-0.096449809,-0.01671875,0.000141408,113.608,0.4,0.4,1,1,,
-0.01,-0.000737915,18,-2165,-0.096449809,-0.01671875,0.000172656,113.2,0.8,0.6,0.6,1,,
-0.01,-0.000737915,18,-2165,-0.096449809,-0.01671875,-9.49E-05,116.608,1.2,0.2,0.6,2,,
-0.01,-0.000737915,18,-2165,-0.096449809,-0.01671875,-0.000492785,100.4375,1.0625,0.8125,1.25,2,,
-0.01,-0.000737915,18,-2165,-0.096449809,-0.01671875,0.000100557,114.0066667,1.833333333,0.666666667,1.333333333,1,,
-0.01,-0.000737915,18,-2165,-0.096449809,-0.01671875,9.46E-05,106.5,0.75,0.75,1,1,,
-0.01,-0.000737915,18,-2165,-0.096449809,-0.01671875,-6.39E-05,114.5,0.75,0.75,1.5,2,,
-0.01,-0.000737915,18,-2165,-0.096449809,-0.01671875,0.000112782,105.5,1.25,0.5,1.75,1,,
-0.01,-0.000737915,18,-2165,-0.096449809,-0.01671875,-0.000107656,115.608,1.4,0.6,1,2,,
-0.01,-0.000737915,18,-2165,-0.096449809,-0.01671875,9.94E-05,102.8,1.8,0.8,1.6,1,,
-0.01,-0.000737915,18,-2165,-0.096449809,-0.01671875,8.88E-05,114,0.833333333,0.5,1.5,1,,
-0.01,-0.000737915,18,-2165,-0.096449809,-0.01671875,9.27E-05,105.4,1.4,0.6,1.8,1,,
-0.01,-0.000737915,18,-2165,-0.096449809,-0.01671875,-0.000131459,120.75,1.5,0.5,0.75,2,,
-0.01,-0.000737915,18,-2165,-0.096449809,-0.01671875,0.000110106,98.5,1.25,0.75,1.25,1,,
-0.01,-0.000737915,18,-2165,-0.096449809,-0.01671875,-0.000123622,116.2,2,1,1,2,,
-0.01,-0.000737915,18,-2165,-0.096449809,-0.01671875,-0.00013051,105.1666667,1.083333333,0.75,1.333333333,1,,
-0.01,-0.000737915,18,-2165,-0.096449809,-0.01671875,6.70E-05,118.2,1.6,0.7,1.1,1,,
-0.01,-0.000737915,18,-2165,-0.096449809,-0.01671875,-0.000316839,105.25,0.875,0.75,1.25,2,,
-0.01,-0.000737915,18,-2165,-0.096449809,-0.01671875,-0.000145885,109.25,0.5,0.75,0.5,2,,
-0.01,-0.000737915,18,-2165,-0.096449809,-0.01671875,-5.54E-05,98.5,1.666666667,0.833333333,1.333333333,1,,
-0.01,-0.000737915,18,-2165,-0.096449809,-0.01671875,-0.000117383,115.8333333,1.5,0.666666667,1.666666667,2,,
-0.01,-0.000737915,18,-2165,-0.096449809,-0.01671875,-2.14E-05,108.125,1.625,0.75,1.5,1,,
-0.01,-0.000737915,18,-2165,-0.096449809,-0.01671875,-0.000155356,109,1,0.2,0.8,2,,
-0.01,-0.000737915,18,-2165,-0.096449809,-0.01671875,0.000100821,106.8,2,0.6,1.4,1,,
-0.01,-0.000737915,18,-2165,-0.096449809,-0.01671875,-0.000193212,111.6733333,2.166666667,0.666666667,1,2,,
-0.01,-0.000737915,18,-2165,-0.096449809,-0.01671875,6.47E-05,102.3333333,0.833333333,0.333333333,0.666666667,1,,
-0.01,-0.000737915,18,-2165,-0.096449809,-0.01671875,1.22E-05,117.404,1.4,0.4,1.3,2,,
-0.01,-0.000737915,18,-2165,-0.096449809,-0.01671875,0.000145953,107,0.2,0.8,1.2,1,,
-0.01,-0.000737915,18,-2165,-0.096449809,-0.01671875,-0.000503026,115,1.5,0.583333333,1.083333333,2,,
-0.01,-0.000737915,18,-2165,-0.096449809,-0.01671875,9.63E-05,106.8,0.8,0.4,1,1,,
-0.01,-0.000737915,18,-2165,-0.096449809,-0.01671875,-0.000132373,115.375,1.75,0.75,1.25,2,,
-0.01,-0.000737915,18,-2165,-0.096449809,-0.01671875,0.000482912,108.125,1.125,0.875,1.25,1,,
-0.01,-0.000737915,18,-2165,-0.096449809,-0.01671875,-0.000121844,116.2,1.8,1,1,2,,
-0.01,-0.000737915,18,-2165,-0.096449809,-0.01671875,0.000128051,104.75,0.75,0.75,1,1,,
-0.01,-0.000737915,18,-2165,-0.096449809,-0.01671875,-0.000109031,111,1,0.5,1.25,2,,
-0.01,-0.000737915,18,-2165,-0.096449809,-0.01671875,6.78E-05,113.6666667,1.166666667,0.833333333,0.666666667,1,,
-0.01,-0.000737915,18,-2165,-0.096449809,-0.01671875,-7.14E-05,119.88,1.125,0.375,0.375,2,,
-0.01,-0.000737915,18,-2165,-0.096449809,-0.01671875,4.86E-06,103.2,1.1,0.5,1.5,1,,
-0.01,-0.000737915,18,-2165,-0.096449809,-0.01671875,-0.00013311,118.8,2,0.4,0.8,2,,
-0.01,-0.000737915,18,-2165,-0.096449809,-0.01671875,-9.22E-05,107.5577778,1.277777778,0.666666667,1.222222222,2,,
0.03,0.025224529,-56,6718,0.166291232,0.0551375,5.25E-05,105.1733333,1.333333333,0.833333333,1.166666667,1,,
0.03,0.025224529,-56,6718,0.166291232,0.0551375,6.71E-05,102,0.75,0.75,1.25,2,,
0.03,0.025224529,-56,6718,0.166291232,0.0551375,-0.000245365,103.5,0.666666667,0.666666667,1.333333333,2,,
0.03,0.025224529,-56,6718,0.166291232,0.0551375,-0.000123702,111.4,1.2,0.6,1.8,2,,
0.03,0.025224529,-56,6718,0.166291232,0.0551375,0.000217197,112.6,1.3,0.6,1.4,1,,
0.03,0.025224529,-56,6718,0.166291232,0.0551375,-0.000528658,112.1666667,1,0.333333333,0.833333333,2,,
0.03,0.025224529,-56,6718,0.166291232,0.0551375,0.000162671,117.1666667,1.5,0.666666667,1.666666667,1,,
0.03,0.025224529,-56,6718,0.166291232,0.0551375,-0.000134198,115,1.2,0.6,1,2,,
0.03,0.025224529,-56,6718,0.166291232,0.0551375,9.96E-05,115,1.2,0.8,1.6,1,,
0.03,0.025224529,-56,6718,0.166291232,0.0551375,-0.000187713,103.25,0.75,0.75,1,2,,
0.03,0.025224529,-56,6718,0.166291232,0.0551375,0.000293936,112.25,1.125,1,1.125,1,,
0.03,0.025224529,-56,6718,0.166291232,0.0551375,-0.000123031,105.1666667,0.333333333,0.833333333,1.333333333,2,,
0.03,0.025224529,-56,6718,0.166291232,0.0551375,0.000210015,115.625,0.875,0.625,1.125,1,,
0.03,0.025224529,-56,6718,0.166291232,0.0551375,0.000365806,106.76,0.75,0,1.25,1,,
0.03,0.025224529,-56,6718,0.166291232,0.0551375,0.000160174,114.375,1.375,0.75,0.875,1,,
0.03,0.025224529,-56,6718,0.166291232,0.0551375,-0.000296646,106.6,1.8,0.2,0.8,2,,
0.03,0.025224529,-56,6718,0.166291232,0.0551375,0.000167168,111.008,1.6,0.8,1.2,1,,
0.03,0.025224529,-56,6718,0.166291232,0.0551375,-0.000212858,111.1666667,1.166666667,0.833333333,1.333333333,2,,
0.03,0.025224529,-56,6718,0.166291232,0.0551375,2.86E-05,113.6666667,1.166666667,0.5,1,1,,
0.03,0.025224529,-56,6718,0.166291232,0.0551375,8.06E-05,98,0.6,0.8,1,1,,
0.03,0.025224529,-56,6718,0.166291232,0.0551375,0.000206991,115,1.5,0.5,1.25,1,,
0.03,0.025224529,-56,6718,0.166291232,0.0551375,-0.000224634,104.208,1,0.6,0.2,2,,
0.03,0.025224529,-56,6718,0.166291232,0.0551375,0.000115959,114.1733333,1.333333333,0.5,1.333333333,1,,
0.03,0.025224529,-56,6718,0.166291232,0.0551375,-0.000269912,111.75,0,0,0,2,,
0.03,0.025224529,-56,6718,0.166291232,0.0551375,0.00018953,114.75,0,0,0,1,,
0.03,0.025224529,-56,6718,0.166291232,0.0551375,-0.00012154,104.6733333,0,0,0,2,,
0.03,0.025224529,-56,6718,0.166291232,0.0551375,0.000291185,117.7,0,0,0,1,,
0.03,0.025224529,-56,6718,0.166291232,0.0551375,-0.000265178,102.42,0,0,0,2,,
0.03,0.025224529,-56,6718,0.166291232,0.0551375,7.55E-05,109.6733333,0,0,0,1,,
0.03,0.025224529,-56,6718,0.166291232,0.0551375,-0.000169281,112.5,0,0,0,2,,
0.03,0.025224529,-56,6718,0.166291232,0.0551375,0.000123338,116.25,0,0,0,1,,
0.03,0.025224529,-56,6718,0.166291232,0.0551375,-0.000229762,97.8,0,0,0,1,,
0.03,0.025224529,-56,6718,0.166291232,0.0551375,0.000122972,112,0,0,0,1,,
0.03,0.025224529,-56,6718,0.166291232,0.0551375,-0.000290471,108.505,0,0,0,2,,
0.03,0.025224529,-56,6718,0.166291232,0.0551375,0.000130566,113.8333333,0,0,0,1,,
0.03,0.025224529,-56,6718,0.166291232,0.0551375,-0.000122081,110,0,0,0,2,,
0.03,0.025224529,-56,6718,0.166291232,0.0551375,0.000186979,120.505,0,0,0,1,,
0.03,0.025224529,-56,6718,0.166291232,0.0551375,-0.00022078,107.5,0,0,0,2,,
0.03,0.025224529,-56,6718,0.166291232,0.0551375,4.89E-05,119.6733333,0,0,0,1,,
-0.01,-0.019010314,18,-1293,0.02282672,-0.03181875,-7.58E-05,115,0,0,0,2,,
-0.01,-0.019010314,18,-1293,0.02282672,-0.03181875,0.00017429,114.6666667,0,0,0,1,,
-0.01,-0.019010314,18,-1293,0.02282672,-0.03181875,2.18E-05,107.1666667,0,0,0,1,,
-0.01,-0.019010314,18,-1293,0.02282672,-0.03181875,0.000201158,106.6,0,0,0,1,,
-0.01,-0.019010314,18,-1293,0.02282672,-0.03181875,0.000178781,115.4,0,0,0,1,,
-0.01,-0.019010314,18,-1293,0.02282672,-0.03181875,0.00018571,111.6,0,0,0,1,,
-0.01,-0.019010314,18,-1293,0.02282672,-0.03181875,-3.58E-05,112.5,0,0,0,2,,
-0.01,-0.019010314,18,-1293,0.02282672,-0.03181875,0.00012187,113.8,0,0,0,1,,
-0.01,-0.019010314,18,-1293,0.02282672,-0.03181875,-1.54E-05,108,0,0,0,2,,
-0.01,-0.019010314,18,-1293,0.02282672,-0.03181875,-9.09E-05,116.6666667,0,0,0,1,,
-0.01,-0.019010314,18,-1293,0.02282672,-0.03181875,-2.54E-05,99.00666667,0,0,0,2,,
-0.01,-0.019010314,18,-1293,0.02282672,-0.03181875,0.000136764,115.2,0,0,0,1,,
-0.01,-0.019010314,18,-1293,0.02282672,-0.03181875,-0.000138351,103.4,0,0,0,2,,
-0.01,-0.019010314,18,-1293,0.02282672,-0.03181875,0.000129002,110.008,0,0,0,1,,
-0.01,-0.019010314,18,-1293,0.02282672,-0.03181875,-0.000156561,94.25,0,0,0,2,,
-0.01,-0.019010314,18,-1293,0.02282672,-0.03181875,0.000151945,116,0,0,0,1,,
-0.01,-0.019010314,18,-1293,0.02282672,-0.03181875,-0.000237943,106.25,0,0,0,2,,
-0.01,-0.019010314,18,-1293,0.02282672,-0.03181875,0.000133828,118,0,0,0,1,,
-0.01,-0.019010314,18,-1293,0.02282672,-0.03181875,-6.45E-05,110.75,0,0,0,2,,
-0.01,-0.019010314,18,-1293,0.02282672,-0.03181875,0.000401613,104.2,0,0,0,1,,
-0.01,-0.019010314,18,-1293,0.02282672,-0.03181875,9.16E-05,107,0,0,0,1,,
-0.01,-0.019010314,18,-1293,0.02282672,-0.03181875,0.000151177,108.8,0,0,0,1,,
-0.01,-0.019010314,18,-1293,0.02282672,-0.03181875,-0.000138983,109.8,0,0,0,2,,
-0.01,-0.019010314,18,-1293,0.02282672,-0.03181875,-3.40E-06,115.8333333,0,0,0,2,,
-0.01,-0.019010314,18,-1293,0.02282672,-0.03181875,0.000102437,107.608,0,0,0,1,,
-0.01,-0.019010314,18,-1293,0.02282672,-0.03181875,9.90E-05,105,0,0,0,1,,
-0.01,-0.019010314,18,-1293,0.02282672,-0.03181875,-4.83E-05,98,0,0,0,2,,
-0.01,-0.019010314,18,-1293,0.02282672,-0.03181875,0.000104766,110,0,0,0,1,,
-0.01,-0.019010314,18,-1293,0.02282672,-0.03181875,-2.40E-05,102,0,0,0,2,,
-0.01,-0.019010314,18,-1293,0.02282672,-0.03181875,0.000253986,111.75,0,0,0,1,,
-0.01,-0.019010314,18,-1293,0.02282672,-0.03181875,-6.17E-05,101.5,0,0,0,2,,
-0.01,-0.019010314,18,-1293,0.02282672,-0.03181875,0.000195968,112.5,0,0,0,1,,
-0.01,-0.019010314,18,-1293,0.02282672,-0.03181875,-5.39E-05,112.3333333,0,0,0,2,,
-0.01,-0.019010314,18,-1293,0.02282672,-0.03181875,-0.000317282,110.0066667,0,0,0,2,,
-0.01,-0.019010314,18,-1293,0.02282672,-0.03181875,-8.45E-05,105.6,0,0,0,2,,
-0.01,-0.019010314,18,-1293,0.02282672,-0.03181875,0.000153933,117,0,0,0,1,,
-0.01,-0.019010314,18,-1293,0.02282672,-0.03181875,-0.000200918,102.2,0,0,0,2,,
-0.01,-0.019010314,18,-1293,0.02282672,-0.03181875,-0.000203573,104.505,0,0,0,1,,
-0.01,-0.019010314,18,-1293,0.02282672,-0.03181875,-0.000187487,110.8333333,0,0,0,2,,
-0.01,-0.019010314,18,-1293,0.02282672,-0.03181875,0.000180773,117.4,0,0,0,1,,
-0.01,-0.019010314,18,-1293,0.02282672,-0.03181875,0.000109798,106.9,0,0,0,2,,
-0.01,-0.019010314,18,-1293,0.02282672,-0.03181875,0.000358513,100.6666667,0,0,0,1,,
-0.01,-0.019010314,18,-1293,0.02282672,-0.03181875,-0.000237477,113.5,0,0,0,2,,
-0.01,-0.019010314,18,-1293,0.02282672,-0.03181875,4.76E-07,109.2,0,0,0,1,,
-0.01,-0.019010314,18,-1293,0.02282672,-0.03181875,-6.56E-05,106.75,0,0,0,2,,
-0.01,-0.019010314,18,-1293,0.02282672,-0.03181875,6.46E-05,111.1666667,0,0,0,1,,
-0.01,-0.019010314,18,-1293,0.02282672,-0.03181875,5.37E-05,113.3,0,0,0,2,,
-0.01,-0.019010314,18,-1293,0.02282672,-0.03181875,0.000130141,118.6,0,0,0,1,,
-0.01,-0.019010314,18,-1293,0.02282672,-0.03181875,-0.000366394,108,0,0,0,2,,
-0.01,-0.019010314,18,-1293,0.02282672,-0.03181875,0.000185712,111.3333333,0,0,0,1,,
-0.01,-0.019010314,18,-1293,0.02282672,-0.03181875,-4.00E-05,110.4,0,0,0,2,,
-0.01,-0.019010314,18,-1293,0.02282672,-0.03181875,0.000144022,112.5,0,0,0,1,,
-0.01,-0.019010314,18,-1293,0.02282672,-0.03181875,0.00015949,98,0,0,0,1,,
-0.01,-0.019010314,18,-1293,0.02282672,-0.03181875,0.000311469,104.008,0,0,0,1,,
-0.01,-0.019010314,18,-1293,0.02282672,-0.03181875,0.000267846,103,0,0,0,1,,
0,-0.011450538,-34,455,0.12887028,-0.0048,0.00036112,106.5066667,0,0,0,1,,
0,-0.011450538,-34,455,0.12887028,-0.0048,-0.000101391,102.408,0,0,0,2,,
0,-0.011450538,-34,455,0.12887028,-0.0048,0.000314006,116.2,0,0,0,1,,
0,-0.011450538,-34,455,0.12887028,-0.0048,-0.000179513,103.8,0,0,0,2,,
0,-0.011450538,-34,455,0.12887028,-0.0048,0.00021903,113.8,0,0,0,1,,
0,-0.011450538,-34,455,0.12887028,-0.0048,5.03E-05,104.4166667,0,0,0,1,,
0,-0.011450538,-34,455,0.12887028,-0.0048,1.82E-07,117,0,0,0,2,,
0,-0.011450538,-34,455,0.12887028,-0.0048,-0.000188221,105,0,0,0,2,,
0,-0.011450538,-34,455,0.12887028,-0.0048,0.000313992,115.38,0,0,0,1,,
0,-0.011450538,-34,455,0.12887028,-0.0048,-0.000138557,104.2,0,0,0,2,,
0,-0.011450538,-34,455,0.12887028,-0.0048,0.000207084,119.75,0,0,0,1,,
0,-0.011450538,-34,455,0.12887028,-0.0048,-6.73E-05,95,0,0,0,2,,
0,-0.011450538,-34,455,0.12887028,-0.0048,0.000120659,108.1666667,0,0,0,1,,
0,-0.011450538,-34,455,0.12887028,-0.0048,-0.000210933,104.5,0,0,0,2,,
0,-0.011450538,-34,455,0.12887028,-0.0048,0.000207498,119.25,0,0,0,1,,
0,-0.011450538,-34,455,0.12887028,-0.0048,-0.000466584,106.5,0,0,0,2,,
0,-0.011450538,-34,455,0.12887028,-0.0048,0.000223479,119,0,0,0,1,,
0,-0.011450538,-34,455,0.12887028,-0.0048,-0.000324895,105.5,0,0,0,2,,
0,-0.011450538,-34,455,0.12887028,-0.0048,0.000153282,114,0,0,0,1,,
0,-0.011450538,-34,455,0.12887028,-0.0048,-0.000502695,104.1666667,0,0,0,2,,
0,-0.011450538,-34,455,0.12887028,-0.0048,0.000141241,110.208,0,0,0,1,,
0,-0.011450538,-34,455,0.12887028,-0.0048,-0.000282062,106.5,0,0,0,2,,
0,-0.011450538,-34,455,0.12887028,-0.0048,7.73E-05,113.6666667,0,0,0,1,,
0,-0.011450538,-34,455,0.12887028,-0.0048,-0.000398126,99.4,0,0,0,2,,
0,-0.011450538,-34,455,0.12887028,-0.0048,9.58E-05,112.8,0,0,0,1,,
0,-0.011450538,-34,455,0.12887028,-0.0048,-0.000123303,112.004,0,0,0,1,,
0,-0.011450538,-34,455,0.12887028,-0.0048,0.000302284,114,0,0,0,1,,
0,-0.011450538,-34,455,0.12887028,-0.0048,-0.000306431,96.66666667,0,0,0,2,,
0,-0.011450538,-34,455,0.12887028,-0.0048,0.000165578,115.4,0,0,0,1,,
0,-0.011450538,-34,455,0.12887028,-0.0048,-0.000432028,102.2,0,0,0,2,,
0,-0.011450538,-34,455,0.12887028,-0.0048,0.000167792,120.5,0,0,0,1,,
0,-0.011450538,-34,455,0.12887028,-0.0048,-0.00018967,99.5,0,0,0,2,,
0,-0.011450538,-34,455,0.12887028,-0.0048,0.000188608,118,0,0,0,1,,
0,-0.011450538,-34,455,0.12887028,-0.0048,-0.000226224,102.75,0,0,0,2,,
0,-0.011450538,-34,455,0.12887028,-0.0048,0.00017691,118,0,0,0,1,,
0,-0.011450538,-34,455,0.12887028,-0.0048,-7.69E-05,97.6,0,0,0,2,,
0,-0.011450538,-34,455,0.12887028,-0.0048,6.44E-05,110.404,0,0,0,1,,
0,-0.011450538,-34,455,0.12887028,-0.0048,-4.30E-05,100.375,0,0,0,2,,
0,-0.011450538,-34,455,0.12887028,-0.0048,0.000245621,108.7777778,0,0,0,1,,
-0.02,-0.019793163,27,-2950,-0.063638585,-0.0542,-0.000295937,115.25,0,0,0,2,,
-0.02,-0.019793163,27,-2950,-0.063638585,-0.0542,0.000135744,99.2,0,0,0,1,,
-0.02,-0.019793163,27,-2950,-0.063638585,-0.0542,-0.000467547,119.8,0,0,0,2,,
-0.02,-0.019793163,27,-2950,-0.063638585,-0.0542,5.54E-05,100.8333333,0,0,0,1,,
-0.02,-0.019793163,27,-2950,-0.063638585,-0.0542,-9.35E-05,116.8,0,0,0,2,,
-0.02,-0.019793163,27,-2950,-0.063638585,-0.0542,0.000103863,104.5,0,0,0,1,,
-0.02,-0.019793163,27,-2950,-0.063638585,-0.0542,-0.000193971,126.5,0,0,0,2,,
-0.02,-0.019793163,27,-2950,-0.063638585,-0.0542,0.000133265,105.875,0,0,0,1,,
-0.02,-0.019793163,27,-2950,-0.063638585,-0.0542,-0.000141764,118,0,0,0,2,,
-0.02,-0.019793163,27,-2950,-0.063638585,-0.0542,-8.01E-05,110.616,0,0,0,2,,
-0.02,-0.019793163,27,-2950,-0.063638585,-0.0542,0.000206316,108.8,0,0,0,1,,
-0.02,-0.019793163,27,-2950,-0.063638585,-0.0542,0.000194217,107,0,0,0,1,,
-0.02,-0.019793163,27,-2950,-0.063638585,-0.0542,-0.000101395,120,0,0,0,2,,
-0.02,-0.019793163,27,-2950,-0.063638585,-0.0542,0.000120359,114.6,0,0,0,1,,
-0.02,-0.019793163,27,-2950,-0.063638585,-0.0542,3.05E-05,120.1,0,0,0,2,,
-0.02,-0.019793163,27,-2950,-0.063638585,-0.0542,-9.98E-05,105.5,0,0,0,2,,
-0.02,-0.019793163,27,-2950,-0.063638585,-0.0542,-0.000180175,112.8,0,0,0,2,,
-0.02,-0.019793163,27,-2950,-0.063638585,-0.0542,0.000144717,111.5,0,0,0,1,,
-0.02,-0.019793163,27,-2950,-0.063638585,-0.0542,-8.42E-05,113.6,0,0,0,2,,
-0.02,-0.019793163,27,-2950,-0.063638585,-0.0542,0.000193535,110.6,0,0,0,1,,
-0.02,-0.019793163,27,-2950,-0.063638585,-0.0542,-8.42E-05,116.88,0,0,0,2,,
-0.02,-0.019793163,27,-2950,-0.063638585,-0.0542,0.000128656,107.5,0,0,0,1,,
-0.02,-0.019793163,27,-2950,-0.063638585,-0.0542,-2.30E-05,116,0,0,0,2,,
-0.02,-0.019793163,27,-2950,-0.063638585,-0.0542,0.000146296,109,0,0,0,1,,
-0.02,-0.019793163,27,-2950,-0.063638585,-0.0542,-5.65E-05,109.1666667,0,0,0,2,,
-0.02,-0.019793163,27,-2950,-0.063638585,-0.0542,-5.35E-05,105.8333333,0,0,0,2,,
-0.02,-0.019793163,27,-2950,-0.063638585,-0.0542,-0.000127439,109.75,0,0,0,2,,
-0.02,-0.019793163,27,-2950,-0.063638585,-0.0542,0.000162315,112.5,0,0,0,1,,
-0.02,-0.019793163,27,-2950,-0.063638585,-0.0542,-0.000110046,111.6666667,0,0,0,2,,
-0.02,-0.019793163,27,-2950,-0.063638585,-0.0542,0.000137963,105.5,0,0,0,1,,
-0.02,-0.019793163,27,-2950,-0.063638585,-0.0542,-0.000230044,124.5,0,0,0,2,,
-0.02,-0.019793163,27,-2950,-0.063638585,-0.0542,0.000112408,115.408,0,0,0,1,,
-0.02,-0.019793163,27,-2950,-0.063638585,-0.0542,-0.000154746,120.25,0,0,0,2,,
0.04,0.046337788,-96,5850,-0.228559814,0.0721,-5.60E-05,107.34,0,0,0,2,,
0.04,0.046337788,-96,5850,-0.228559814,0.0721,1.13E-05,113.808,0,0,0,1,,
0.04,0.046337788,-96,5850,-0.228559814,0.0721,5.75E-05,119.604,0,0,0,2,,
0.04,0.046337788,-96,5850,-0.228559814,0.0721,-8.48E-05,117.1666667,0,0,0,2,,
0.04,0.046337788,-96,5850,-0.228559814,0.0721,-0.000130389,114.6,0,0,0,2,,
0.04,0.046337788,-96,5850,-0.228559814,0.0721,0.000107954,112.75,0,0,0,1,,
0.04,0.046337788,-96,5850,-0.228559814,0.0721,-0.000138529,116.8,0,0,0,2,,
0.04,0.046337788,-96,5850,-0.228559814,0.0721,2.16E-05,115.008,0,0,0,1,,
0.04,0.046337788,-96,5850,-0.228559814,0.0721,-0.000146864,109.408,0,0,0,2,,
0.04,0.046337788,-96,5850,-0.228559814,0.0721,0.000104001,113.34,0,0,0,1,,
0.04,0.046337788,-96,5850,-0.228559814,0.0721,0.000108143,111.8333333,0,0,0,1,,
0.04,0.046337788,-96,5850,-0.228559814,0.0721,2.06E-05,111,0,0,0,1,,
0.04,0.046337788,-96,5850,-0.228559814,0.0721,-0.000136374,113.34,0,0,0,2,,
0.04,0.046337788,-96,5850,-0.228559814,0.0721,0.000136091,116.5,0,0,0,1,,
0.04,0.046337788,-96,5850,-0.228559814,0.0721,-5.67E-05,106.8,0,0,0,2,,
0.04,0.046337788,-96,5850,-0.228559814,0.0721,9.08E-05,104.51,0,0,0,1,,
0.04,0.046337788,-96,5850,-0.228559814,0.0721,0.000113437,113.0133333,0,0,0,1,,
0.04,0.046337788,-96,5850,-0.228559814,0.0721,4.98E-05,107.5133333,0,0,0,1,,
0.04,0.046337788,-96,5850,-0.228559814,0.0721,-0.000116628,116.5,0,0,0,2,,
0.04,0.046337788,-96,5850,-0.228559814,0.0721,8.04E-05,108.808,0,0,0,1,,
0.04,0.046337788,-96,5850,-0.228559814,0.0721,-9.89E-05,117.5,0,0,0,2,,
0.04,0.046337788,-96,5850,-0.228559814,0.0721,0.000154382,101.75,0,0,0,1,,
0.04,0.046337788,-96,5850,-0.228559814,0.0721,0.000418476,112.18,0,0,0,1,,
0.04,0.046337788,-96,5850,-0.228559814,0.0721,0.000192252,118.4,0,0,0,1,,
0.04,0.046337788,-96,5850,-0.228559814,0.0721,-9.78E-05,116.25,0,0,0,2,,
0.04,0.046337788,-96,5850,-0.228559814,0.0721,9.41E-05,103,0,0,0,1,,
0.04,0.046337788,-96,5850,-0.228559814,0.0721,-0.000157744,116.5742857,0,0,0,2,,
0.04,0.046337788,-96,5850,-0.228559814,0.0721,-0.000213099,108.0066667,0,0,0,2,,
0.04,0.046337788,-96,5850,-0.228559814,0.0721,6.20E-05,108.908,0,0,0,1,,
0.04,0.046337788,-96,5850,-0.228559814,0.0721,9.90E-05,111,0,0,0,1,,
0.04,0.046337788,-96,5850,-0.228559814,0.0721,4.95E-05,116.26,0,0,0,2,,
0.04,0.046337788,-96,5850,-0.228559814,0.0721,2.28E-05,110.408,0,0,0,1,,
0.04,0.046337788,-96,5850,-0.228559814,0.0721,-4.38E-05,118.8,0,0,0,2,,
0.04,0.046337788,-96,5850,-0.228559814,0.0721,0.000126648,107.5,0,0,0,1,,
0.04,0.046337788,-96,5850,-0.228559814,0.0721,0.000206888,117.3333333,0,0,0,1,,
0.04,0.046337788,-96,5850,-0.228559814,0.0721,8.23E-05,108,0,0,0,1,,
0.03,0.018341475,1,-3,0.165751168,0.055859375,7.98E-06,109.6666667,0,0,0,1,,
0.03,0.018341475,1,-3,0.165751168,0.055859375,-0.000171844,116.005,0,0,0,2,,
0.03,0.018341475,1,-3,0.165751168,0.055859375,0.000167315,101.84,0,0,0,1,,
0.03,0.018341475,1,-3,0.165751168,0.055859375,-0.000195923,112.5771429,0,0,0,1,,
0.03,0.018341475,1,-3,0.165751168,0.055859375,-2.37E-05,95.16666667,0,0,0,2,,
0.03,0.018341475,1,-3,0.165751168,0.055859375,-0.000228236,120.8,0,0,0,2,,
0.03,0.018341475,1,-3,0.165751168,0.055859375,-4.46E-06,107.5,0,0,0,2,,
0.03,0.018341475,1,-3,0.165751168,0.055859375,0.000168484,114.3333333,0,0,0,1,,
0.03,0.018341475,1,-3,0.165751168,0.055859375,-8.84E-05,106.204,0,0,0,2,,
0.03,0.018341475,1,-3,0.165751168,0.055859375,-0.000136957,112.408,0,0,0,2,,
0.03,0.018341475,1,-3,0.165751168,0.055859375,-0.000195621,113,0,0,0,2,,
0.03,0.018341475,1,-3,0.165751168,0.055859375,8.93E-05,107.88,0,0,0,1,,
0.03,0.018341475,1,-3,0.165751168,0.055859375,0.000259524,100.3,0,0,0,1,,
0.03,0.018341475,1,-3,0.165751168,0.055859375,0.000106312,116.0066667,0,0,0,1,,
0.03,0.018341475,1,-3,0.165751168,0.055859375,-6.48E-06,99.375,0,0,0,2,,
0.03,0.018341475,1,-3,0.165751168,0.055859375,7.05E-05,106.13,0,0,0,1,,
0.03,0.018341475,1,-3,0.165751168,0.055859375,0.000107325,102.3333333,0,0,0,1,,
0.03,0.018341475,1,-3,0.165751168,0.055859375,8.02E-05,113.408,0,0,0,1,,
0.03,0.018341475,1,-3,0.165751168,0.055859375,-0.000118977,107.1666667,0,0,0,2,,
0.03,0.018341475,1,-3,0.165751168,0.055859375,0.000160899,115,0,0,0,1,,
0.03,0.018341475,1,-3,0.165751168,0.055859375,-0.00031642,99,0,0,0,2,,
0.03,0.018341475,1,-3,0.165751168,0.055859375,-0.000123687,105.804,0,0,0,2,,
0.03,0.018341475,1,-3,0.165751168,0.055859375,5.10E-05,103.1666667,0,0,0,1,,
0.03,0.018341475,1,-3,0.165751168,0.055859375,-9.50E-05,115.5133333,0,0,0,2,,
0.03,0.018341475,1,-3,0.165751168,0.055859375,-0.000137126,102.8333333,0,0,0,2,,
0.03,0.018341475,1,-3,0.165751168,0.055859375,3.37E-05,117,0,0,0,1,,
0.03,0.018341475,1,-3,0.165751168,0.055859375,9.16E-05,101.6,0,0,0,1,,
0.03,0.018341475,1,-3,0.165751168,0.055859375,0.000122467,116.6,0,0,0,1,,
0.03,0.018341475,1,-3,0.165751168,0.055859375,0.000334871,102.76,0,0,0,1,,
0.03,0.018341475,1,-3,0.165751168,0.055859375,1.65E-05,115.6666667,0,0,0,1,,
0.03,0.018341475,1,-3,0.165751168,0.055859375,0.000211771,99,0,0,0,2,,
0.03,0.018341475,1,-3,0.165751168,0.055859375,0.000118675,108.008,0,0,0,1,,
0.03,0.018341475,1,-3,0.165751168,0.055859375,-9.53E-05,96.5,0,0,0,2,,
0.03,0.018341475,1,-3,0.165751168,0.055859375,7.28E-05,104,0,0,0,1,,
0.03,0.018341475,1,-3,0.165751168,0.055859375,-0.000176881,97.408,0,0,0,2,,
0.03,0.018341475,1,-3,0.165751168,0.055859375,-0.0002491,109.504,0,0,0,1,,
0.03,0.018341475,1,-3,0.165751168,0.055859375,-0.000111652,107.8333333,0,0,0,2,,
0.03,0.018341475,1,-3,0.165751168,0.055859375,0.000133996,112.25,0,0,0,1,,
0.03,0.018341475,1,-3,0.165751168,0.055859375,-0.000164959,100.75,0,0,0,2,,
0.03,0.018341475,1,-3,0.165751168,0.055859375,8.19E-05,112.4,0,0,0,1,,
0.03,0.018341475,1,-3,0.165751168,0.055859375,0.000174851,105.3333333,0,0,0,1,,
0.03,0.018341475,1,-3,0.165751168,0.055859375,0.000193254,106.5,0,0,0,1,,
0.01,0.011828869,-106,4206,0.061323648,0.03211875,0.000244136,104.25,0,0,0,1,,
0.01,0.011828869,-106,4206,0.061323648,0.03211875,0.000136462,110.6733333,0,0,0,1,,
0.01,0.011828869,-106,4206,0.061323648,0.03211875,4.03E-05,104.8333333,0,0,0,1,,
0.01,0.011828869,-106,4206,0.061323648,0.03211875,-5.93E-06,106.26,0,0,0,2,,
0.01,0.011828869,-106,4206,0.061323648,0.03211875,-0.000151449,99.75,0,0,0,2,,
0.01,0.011828869,-106,4206,0.061323648,0.03211875,8.94E-05,98.5,0,0,0,1,,
0.01,0.011828869,-106,4206,0.061323648,0.03211875,8.96E-05,107.2,0,0,0,1,,
0.01,0.011828869,-106,4206,0.061323648,0.03211875,-4.71E-05,101.2,0,0,0,2,,
0.01,0.011828869,-106,4206,0.061323648,0.03211875,0.000177625,110.5,0,0,0,1,,
0.01,0.011828869,-106,4206,0.061323648,0.03211875,-0.000183015,88.5,0,0,0,2,,
0.01,0.011828869,-106,4206,0.061323648,0.03211875,0.000109019,105.2,0,0,0,1,,
0.01,0.011828869,-106,4206,0.061323648,0.03211875,-0.000127741,107.5,0,0,0,2,,
0.01,0.011828869,-106,4206,0.061323648,0.03211875,-6.57E-05,105.5714286,0,0,0,1,,
0.01,0.011828869,-106,4206,0.061323648,0.03211875,-0.000136242,104.84,0,0,0,2,,
0.01,0.011828869,-106,4206,0.061323648,0.03211875,5.28E-05,103.1666667,0,0,0,1,,
0.01,0.011828869,-106,4206,0.061323648,0.03211875,-7.84E-05,103.4,0,0,0,2,,
0.01,0.011828869,-106,4206,0.061323648,0.03211875,-7.54E-05,101.9,0,0,0,1,,
0.01,0.011828869,-106,4206,0.061323648,0.03211875,-5.63E-05,102.5066667,0,0,0,2,,
0.01,0.011828869,-106,4206,0.061323648,0.03211875,9.77E-05,117.4,0,0,0,1,,
0.01,0.011828869,-106,4206,0.061323648,0.03211875,-9.89E-06,100.375,0,0,0,2,,
0.01,0.011828869,-106,4206,0.061323648,0.03211875,0.00010627,112.75,0,0,0,1,,
0.01,0.011828869,-106,4206,0.061323648,0.03211875,-9.11E-05,106.9285714,0,0,0,2,,
0.01,0.011828869,-106,4206,0.061323648,0.03211875,-0.000250795,107.0833333,0,0,0,2,,
0.01,0.011828869,-106,4206,0.061323648,0.03211875,0.000213811,104.625,0,0,0,2,,
0.01,0.011828869,-106,4206,0.061323648,0.03211875,0.000130843,108.5,0,0,0,1,,
0.01,0.011828869,-106,4206,0.061323648,0.03211875,-2.33E-05,97.875,0,0,0,2,,
0.01,0.011828869,-106,4206,0.061323648,0.03211875,-0.000198302,97,0,0,0,2,,
0.01,0.011828869,-106,4206,0.061323648,0.03211875,3.75E-05,105.6,0,0,0,1,,
0.01,0.011828869,-106,4206,0.061323648,0.03211875,-9.93E-06,101.8,0,0,0,1,,
0.01,0.011828869,-106,4206,0.061323648,0.03211875,0.000203509,101.1,0,0,0,1,,
0.01,0.011828869,-106,4206,0.061323648,0.03211875,2.65E-05,98.375,0,0,0,1,,
0.01,0.011828869,-106,4206,0.061323648,0.03211875,-0.000100326,102.25,0,0,0,2,,
0.01,0.011828869,-106,4206,0.061323648,0.03211875,0.000110006,114.25,0,0,0,1,,
0.01,0.011828869,-106,4206,0.061323648,0.03211875,6.68E-05,108.755,0,0,0,2,,
0.01,0.011828869,-106,4206,0.061323648,0.03211875,-6.15E-05,103.5,0,0,0,1,,
0.01,0.011828869,-106,4206,0.061323648,0.03211875,0.000257461,99.3,0,0,0,1,,
0.01,0.011828869,-106,4206,0.061323648,0.03211875,0.00013495,104,0,0,0,1,,
0.01,0.011828869,-106,4206,0.061323648,0.03211875,-9.37E-05,97.8,0,0,0,2,,
0.01,0.011828869,-106,4206,0.061323648,0.03211875,0.000110334,109.6733333,0,0,0,1,,
0.01,0.011828869,-106,4206,0.061323648,0.03211875,0.000203614,99.8,0,0,0,1,,
0.01,0.011828869,-106,4206,0.061323648,0.03211875,-2.01E-05,99.5,0,0,0,1,,
0.01,0.011828869,-106,4206,0.061323648,0.03211875,-2.54E-05,97.83333333,0,0,0,2,,
0.01,0.011828869,-106,4206,0.061323648,0.03211875,0.000120918,108.5133333,0,0,0,1,,
0.01,0.017777204,-59,686,0.231422105,0.027221875,-0.000378277,117.2,0,0,0,2,,
0.01,0.017777204,-59,686,0.231422105,0.027221875,5.04E-05,119.808,0,0,0,1,,
0.01,0.017777204,-59,686,0.231422105,0.027221875,7.41E-05,112.6666667,0,0,0,1,,
0.01,0.017777204,-59,686,0.231422105,0.027221875,4.72E-05,115.5,0,0,0,1,,
0.01,0.017777204,-59,686,0.231422105,0.027221875,-0.000164488,119.1666667,0,0,0,2,,
0.01,0.017777204,-59,686,0.231422105,0.027221875,-9.59E-05,116.01,0,0,0,1,,
0.01,0.017777204,-59,686,0.231422105,0.027221875,-0.000111407,115.1666667,0,0,0,2,,
0.01,0.017777204,-59,686,0.231422105,0.027221875,3.89E-05,115.84,0,0,0,1,,
0.01,0.017777204,-59,686,0.231422105,0.027221875,-0.00013898,122,0,0,0,2,,
0.01,0.017777204,-59,686,0.231422105,0.027221875,0.000139389,122.6,0,0,0,1,,
0.01,0.017777204,-59,686,0.231422105,0.027221875,8.40E-05,118,0,0,0,1,,
0.01,0.017777204,-59,686,0.231422105,0.027221875,0.000130393,122.2,0,0,0,1,,
0.01,0.017777204,-59,686,0.231422105,0.027221875,-2.89E-05,112.8333333,0,0,0,2,,
0.01,0.017777204,-59,686,0.231422105,0.027221875,0.000257247,118.6,0,0,0,1,,
0.01,0.017777204,-59,686,0.231422105,0.027221875,0.000287421,116.0066667,0,0,0,1,,
0.01,0.017777204,-59,686,0.231422105,0.027221875,0.000107515,118.608,0,0,0,1,,
0.01,0.017777204,-59,686,0.231422105,0.027221875,0.000259194,113.13,0,0,0,1,,
0.01,0.017777204,-59,686,0.231422105,0.027221875,8.98E-05,116,0,0,0,1,,
0.01,0.017777204,-59,686,0.231422105,0.027221875,1.18E-05,116.375,0,0,0,2,,
0.01,0.017777204,-59,686,0.231422105,0.027221875,8.11E-05,115,0,0,0,1,,
0.01,0.017777204,-59,686,0.231422105,0.027221875,-8.31E-05,113.8,0,0,0,2,,
0.01,0.017777204,-59,686,0.231422105,0.027221875,7.84E-05,119.75,0,0,0,1,,
0.01,0.017777204,-59,686,0.231422105,0.027221875,-0.000220578,113.13,0,0,0,2,,
0.01,0.017777204,-59,686,0.231422105,0.027221875,4.29E-05,114.608,0,0,0,1,,
0.01,0.017777204,-59,686,0.231422105,0.027221875,-6.41E-05,106.8,0,0,0,2,,
0.01,0.017777204,-59,686,0.231422105,0.027221875,0.000107597,104.25,0,0,0,1,,
0.01,0.017777204,-59,686,0.231422105,0.027221875,-8.61E-05,110.5,0,0,0,2,,
0.01,0.017777204,-59,686,0.231422105,0.027221875,0.000129687,108,0,0,0,1,,
0.01,0.017777204,-59,686,0.231422105,0.027221875,-5.08E-05,114.2,0,0,0,2,,
0.01,0.017777204,-59,686,0.231422105,0.027221875,-5.98E-05,115.7272727,0,0,0,1,,
-0.01,0.002704443,18,-1775,-0.277823194,-0.016,0.000195824,111.75,0,0,0,2,,
-0.01,0.002704443,18,-1775,-0.277823194,-0.016,2.19E-05,101.1733333,0,0,0,1,,
-0.01,0.002704443,18,-1775,-0.277823194,-0.016,-0.000130801,113.4,0,0,0,2,,
-0.01,0.002704443,18,-1775,-0.277823194,-0.016,0.000127562,114,0,0,0,1,,
-0.01,0.002704443,18,-1775,-0.277823194,-0.016,-0.000283788,115.1666667,0,0,0,2,,
-0.01,0.002704443,18,-1775,-0.277823194,-0.016,0.000125658,94.25,0,0,0,1,,
-0.01,0.002704443,18,-1775,-0.277823194,-0.016,-0.000289039,111,0,0,0,2,,
-0.01,0.002704443,18,-1775,-0.277823194,-0.016,9.01E-05,101.5,0,0,0,1,,
-0.01,0.002704443,18,-1775,-0.277823194,-0.016,-9.55E-05,116.4,0,0,0,2,,
-0.01,0.002704443,18,-1775,-0.277823194,-0.016,-0.000107331,109.2566667,0,0,0,1,,
-0.01,0.002704443,18,-1775,-0.277823194,-0.016,-4.30E-05,103.1666667,0,0,0,2,,
-0.01,0.002704443,18,-1775,-0.277823194,-0.016,5.68E-05,96.50666667,0,0,0,1,,
-0.01,0.002704443,18,-1775,-0.277823194,-0.016,-3.93E-05,102.2727273,0,0,0,2,,
-0.01,0.002704443,18,-1775,-0.277823194,-0.016,3.86E-05,107.63,0,0,0,1,,
-0.01,0.002704443,18,-1775,-0.277823194,-0.016,-9.49E-05,115.6733333,0,0,0,2,,
-0.01,0.002704443,18,-1775,-0.277823194,-0.016,-0.000159901,109.816,0,0,0,2,,
-0.01,0.002704443,18,-1775,-0.277823194,-0.016,-0.000138717,102,0,0,0,2,,
-0.01,0.002704443,18,-1775,-0.277823194,-0.016,0.000143241,104.25,0,0,0,1,,
-0.01,0.002704443,18,-1775,-0.277823194,-0.016,-9.56E-05,118.34,0,0,0,2,,
-0.01,0.002704443,18,-1775,-0.277823194,-0.016,0.00015045,108.25,0,0,0,1,,
-0.01,0.002704443,18,-1775,-0.277823194,-0.016,-0.000138959,121,0,0,0,2,,
-0.01,0.002704443,18,-1775,-0.277823194,-0.016,-8.46E-05,101,0,0,0,1,,
-0.01,0.002704443,18,-1775,-0.277823194,-0.016,-0.000504928,115.25,0,0,0,2,,
-0.01,0.002704443,18,-1775,-0.277823194,-0.016,-7.51E-05,113.8333333,0,0,0,2,,
-0.01,0.002704443,18,-1775,-0.277823194,-0.016,-7.99E-05,112.4,0,0,0,2,,
-0.01,0.002704443,18,-1775,-0.277823194,-0.016,9.91E-05,108.3333333,0,0,0,1,,
-0.01,0.002704443,18,-1775,-0.277823194,-0.016,-0.000110117,112.75,0,0,0,2,,
-0.01,0.002704443,18,-1775,-0.277823194,-0.016,3.91E-05,108.9,0,0,0,1,,
-0.01,0.002704443,18,-1775,-0.277823194,-0.016,-0.000167131,112,0,0,0,2,,
-0.01,0.002704443,18,-1775,-0.277823194,-0.016,1.52E-05,103.5,0,0,0,1,,
-0.01,0.002704443,18,-1775,-0.277823194,-0.016,-0.000104173,119.84,0,0,0,2,,
-0.01,0.002704443,18,-1775,-0.277823194,-0.016,0.000152807,106.2,0,0,0,1,,
-0.01,0.002704443,18,-1775,-0.277823194,-0.016,0.000156565,116.6,0,0,0,2,,
-0.03,-0.039970184,48,-10303,0.050503553,-0.06851875,-0.000397494,117,0,0,0,2,,
-0.03,-0.039970184,48,-10303,0.050503553,-0.06851875,-0.000280887,105.375,0,0,0,1,,
-0.03,-0.039970184,48,-10303,0.050503553,-0.06851875,-0.00027368,98.75,0,0,0,2,,
-0.03,-0.039970184,48,-10303,0.050503553,-0.06851875,9.09E-05,111,0,0,0,1,,
-0.03,-0.039970184,48,-10303,0.050503553,-0.06851875,-0.000138019,113.2,0,0,0,2,,
-0.03,-0.039970184,48,-10303,0.050503553,-0.06851875,-0.000180235,103.3333333,0,0,0,2,,
-0.03,-0.039970184,48,-10303,0.050503553,-0.06851875,-0.00015754,104.1666667,0,0,0,2,,
-0.03,-0.039970184,48,-10303,0.050503553,-0.06851875,-6.48E-05,100.8333333,0,0,0,1,,
-0.03,-0.039970184,48,-10303,0.050503553,-0.06851875,-0.000296757,112.6,0,0,0,2,,
-0.03,-0.039970184,48,-10303,0.050503553,-0.06851875,-0.000191093,99.5,0,0,0,2,,
-0.03,-0.039970184,48,-10303,0.050503553,-0.06851875,-0.000272447,111.75,0,0,0,2,,
-0.03,-0.039970184,48,-10303,0.050503553,-0.06851875,-0.000135099,109.5,0,0,0,2,,
-0.03,-0.039970184,48,-10303,0.050503553,-0.06851875,-0.000157109,114.6,0,0,0,2,,
-0.03,-0.039970184,48,-10303,0.050503553,-0.06851875,-7.94E-05,105.25,0,0,0,1,,
-0.03,-0.039970184,48,-10303,0.050503553,-0.06851875,-0.000135079,109.208,0,0,0,2,,
-0.03,-0.039970184,48,-10303,0.050503553,-0.06851875,-0.000528791,109,0,0,0,2,,
-0.03,-0.039970184,48,-10303,0.050503553,-0.06851875,-0.000199384,110,0,0,0,2,,
-0.03,-0.039970184,48,-10303,0.050503553,-0.06851875,0.00011669,115.5,0,0,0,1,,
-0.03,-0.039970184,48,-10303,0.050503553,-0.06851875,-0.00026445,109.6,0,0,0,2,,
-0.03,-0.039970184,48,-10303,0.050503553,-0.06851875,0.000121561,109,0,0,0,1,,
-0.03,-0.039970184,48,-10303,0.050503553,-0.06851875,-0.000189461,113.3333333,0,0,0,2,,
-0.03,-0.039970184,48,-10303,0.050503553,-0.06851875,0.000151021,116.5,0,0,0,1,,
-0.03,-0.039970184,48,-10303,0.050503553,-0.06851875,-0.000250744,118.5,0,0,0,2,,
-0.03,-0.039970184,48,-10303,0.050503553,-0.06851875,9.55E-05,112.808,0,0,0,1,,
-0.03,-0.039970184,48,-10303,0.050503553,-0.06851875,-0.000297176,102,0,0,0,2,,
-0.03,-0.039970184,48,-10303,0.050503553,-0.06851875,9.30E-05,118,0,0,0,1,,
-0.03,-0.039970184,48,-10303,0.050503553,-0.06851875,-0.000226966,99,0,0,0,2,,
-0.03,-0.039970184,48,-10303,0.050503553,-0.06851875,9.88E-05,112.6,0,0,0,1,,
-0.03,-0.039970184,48,-10303,0.050503553,-0.06851875,-0.000310625,99.16666667,0,0,0,2,,
0.01,0.030051728,-90,8173,-0.223680571,0.030259375,0.000340774,121.125,0,0,0,2,,
0.01,0.030051728,-90,8173,-0.223680571,0.030259375,6.79E-05,111.8333333,0,0,0,1,,
0.01,0.030051728,-90,8173,-0.223680571,0.030259375,-0.000109872,114.6,0,0,0,2,,
0.01,0.030051728,-90,8173,-0.223680571,0.030259375,0.000148571,119.5,0,0,0,1,,
0.01,0.030051728,-90,8173,-0.223680571,0.030259375,-0.000276008,121.25,0,0,0,2,,
0.01,0.030051728,-90,8173,-0.223680571,0.030259375,0.000112981,102.01,0,0,0,1,,
0.01,0.030051728,-90,8173,-0.223680571,0.030259375,-0.00023256,111.375,0,0,0,2,,
0.01,0.030051728,-90,8173,-0.223680571,0.030259375,-0.000326222,118.1666667,0,0,0,2,,
0.01,0.030051728,-90,8173,-0.223680571,0.030259375,-0.000231595,121.625,0,0,0,2,,
0.01,0.030051728,-90,8173,-0.223680571,0.030259375,5.91E-05,117.75,0,0,0,1,,
0.01,0.030051728,-90,8173,-0.223680571,0.030259375,-4.09E-05,124.375,0,0,0,2,,
0.01,0.030051728,-90,8173,-0.223680571,0.030259375,0.00010669,113.2,0,0,0,1,,
0.01,0.030051728,-90,8173,-0.223680571,0.030259375,0.000135534,121.75,0,0,0,1,,
0.01,0.030051728,-90,8173,-0.223680571,0.030259375,0.000135549,105.2,0,0,0,1,,
0.01,0.030051728,-90,8173,-0.223680571,0.030259375,2.19E-08,124.75,0,0,0,2,,
0.01,0.030051728,-90,8173,-0.223680571,0.030259375,0.000202746,109.75,0,0,0,1,,
0.01,0.030051728,-90,8173,-0.223680571,0.030259375,-0.000246195,116.2,0,0,0,2,,
0.01,0.030051728,-90,8173,-0.223680571,0.030259375,0.000195749,112.34,0,0,0,1,,
0.01,0.030051728,-90,8173,-0.223680571,0.030259375,-0.000181353,121.6,0,0,0,2,,
0.01,0.030051728,-90,8173,-0.223680571,0.030259375,8.62E-05,109.008,0,0,0,1,,
0.01,0.030051728,-90,8173,-0.223680571,0.030259375,0.000575952,121.3571429,0,0,0,1,,
0.01,0.030051728,-90,8173,-0.223680571,0.030259375,0.000126902,114.25,0,0,0,1,,
0.01,0.030051728,-90,8173,-0.223680571,0.030259375,-0.000537954,126.3,0,0,0,2,,
0.01,0.030051728,-90,8173,-0.223680571,0.030259375,0.000176601,106.2,0,0,0,1,,
0.01,0.030051728,-90,8173,-0.223680571,0.030259375,-9.21E-05,120.5,0,0,0,2,,
0.01,0.030051728,-90,8173,-0.223680571,0.030259375,0.000308742,118.6666667,0,0,0,1,,
0.01,0.030051728,-90,8173,-0.223680571,0.030259375,0.00050175,116,0,0,0,1,,
0.01,0.030051728,-90,8173,-0.223680571,0.030259375,6.52E-05,108.5133333,0,0,0,1,,
0.01,0.030051728,-90,8173,-0.223680571,0.030259375,-1.39E-05,119.1666667,0,0,0,2,,
0.01,0.030051728,-90,8173,-0.223680571,0.030259375,0.000165473,106.6733333,0,0,0,1,,
0.01,0.030051728,-90,8173,-0.223680571,0.030259375,-0.000481561,121.75,0,0,0,2,,
0.01,0.030051728,-90,8173,-0.223680571,0.030259375,9.55E-05,112,0,0,0,1,,
0.01,0.030051728,-90,8173,-0.223680571,0.030259375,-0.000123842,114.6,0,0,0,2,,
0.01,0.030051728,-90,8173,-0.223680571,0.030259375,0.000135149,112,0,0,0,1,,
0.01,0.030051728,-90,8173,-0.223680571,0.030259375,3.39E-05,122.8,0,0,0,1,,
0.01,0.030051728,-90,8173,-0.223680571,0.030259375,0.000313629,109.704,0,0,0,1,,
0,0.00746874,6,-1090,0.070108682,0.015340625,0.000356803,113.5,0,0,0,1,,
0,0.00746874,6,-1090,0.070108682,0.015340625,-0.000132712,116.5,0,0,0,2,,
0,0.00746874,6,-1090,0.070108682,0.015340625,0.000143238,112,0,0,0,1,,
0,0.00746874,6,-1090,0.070108682,0.015340625,-5.92E-05,117.2,0,0,0,2,,
0,0.00746874,6,-1090,0.070108682,0.015340625,9.41E-05,111.8333333,0,0,0,1,,
0,0.00746874,6,-1090,0.070108682,0.015340625,-8.00E-05,109,0,0,0,2,,
0,0.00746874,6,-1090,0.070108682,0.015340625,4.46E-05,111.506,0,0,0,1,,
0,0.00746874,6,-1090,0.070108682,0.015340625,0.000199834,116.5,0,0,0,1,,
0,0.00746874,6,-1090,0.070108682,0.015340625,-0.000129489,109.5,0,0,0,1,,
0,0.00746874,6,-1090,0.070108682,0.015340625,-0.000237462,123.25,0,0,0,2,,
0,0.00746874,6,-1090,0.070108682,0.015340625,0.000104308,120.208,0,0,0,1,,
0,0.00746874,6,-1090,0.070108682,0.015340625,1.18E-05,112.26,0,0,0,1,,
0,0.00746874,6,-1090,0.070108682,0.015340625,0.000137636,116.408,0,0,0,1,,
0,0.00746874,6,-1090,0.070108682,0.015340625,-0.000131714,115.75,0,0,0,2,,
0,0.00746874,6,-1090,0.070108682,0.015340625,0.000157963,114.2,0,0,0,1,,
0,0.00746874,6,-1090,0.070108682,0.015340625,-0.000129711,115.75,0,0,0,2,,
0,0.00746874,6,-1090,0.070108682,0.015340625,-2.16E-05,116.5,0,0,0,2,,
0,0.00746874,6,-1090,0.070108682,0.015340625,-0.000203011,117.4,0,0,0,2,,
0,0.00746874,6,-1090,0.070108682,0.015340625,0.000273381,114.875,0,0,0,1,,
0,0.00746874,6,-1090,0.070108682,0.015340625,-0.000179453,117.34,0,0,0,2,,
0,0.00746874,6,-1090,0.070108682,0.015340625,0.000224469,106.8,0,0,0,1,,
0,0.00746874,6,-1090,0.070108682,0.015340625,-7.21E-06,110.8571429,0,0,0,2,,
0,0.00746874,6,-1090,0.070108682,0.015340625,5.06E-05,110,0,0,0,1,,
0,0.00746874,6,-1090,0.070108682,0.015340625,-6.86E-05,113.8,0,0,0,2,,
0,0.00746874,6,-1090,0.070108682,0.015340625,0.000122326,114.75,0,0,0,1,,
0,0.00746874,6,-1090,0.070108682,0.015340625,-6.30E-05,114.005,0,0,0,2,,
0,0.00746874,6,-1090,0.070108682,0.015340625,0.000533715,120,0,0,0,1,,
0,0.00746874,6,-1090,0.070108682,0.015340625,-9.66E-05,115,0,0,0,2,,
0,0.00746874,6,-1090,0.070108682,0.015340625,0.000210088,121.75,0,0,0,1,,
0,0.00746874,6,-1090,0.070108682,0.015340625,-0.000221851,113,0,0,0,2,,
0,0.00746874,6,-1090,0.070108682,0.015340625,0.000150845,126.6,0,0,0,1,,
0,0.00746874,6,-1090,0.070108682,0.015340625,-0.000199571,114.5,0,0,0,2,,
0,0.00746874,6,-1090,0.070108682,0.015340625,9.11E-05,111.5066667,0,0,0,1,,
0,0.00746874,6,-1090,0.070108682,0.015340625,-0.000116258,114.25,0,0,0,2,,
0,0.00746874,6,-1090,0.070108682,0.015340625,0.000247831,112.5454545,0,0,0,2,,
0,0.00746874,6,-1090,0.070108682,0.015340625,-3.01E-05,110.84,0,0,0,2,,
0,0.00746874,6,-1090,0.070108682,0.015340625,0.000215627,117.6,0,0,0,1,,
0,0.00746874,6,-1090,0.070108682,0.015340625,-9.52E-05,114.75,0,0,0,2,,
0,0.00746874,6,-1090,0.070108682,0.015340625,0.000120794,114.2,0,0,0,1,,
0,0.00746874,6,-1090,0.070108682,0.015340625,-0.000106005,116.75,0,0,0,2,,
0,0.00746874,6,-1090,0.070108682,0.015340625,-0.000114875,110.68,0,0,0,2,,
0,0.00746874,6,-1090,0.070108682,0.015340625,-0.000186732,110.6666667,0,0,0,2,,
0,0.00746874,6,-1090,0.070108682,0.015340625,0.000267982,111.25,0,0,0,1,,
0,0.00746874,6,-1090,0.070108682,0.015340625,-3.48E-05,108,0,0,0,2,,
0.03,0.039824248,-28,6228,0.112183169,0.0737375,0.000153192,117.38,0,0,0,1,,
0.03,0.039824248,-28,6228,0.112183169,0.0737375,4.84E-05,107,0,0,0,1,,
0.03,0.039824248,-28,6228,0.112183169,0.0737375,-0.00012947,121,0,0,0,2,,
0.03,0.039824248,-28,6228,0.112183169,0.0737375,6.78E-05,113.6733333,0,0,0,1,,
0.03,0.039824248,-28,6228,0.112183169,0.0737375,-7.72E-05,110,0,0,0,2,,
0.03,0.039824248,-28,6228,0.112183169,0.0737375,0.000104706,110.6733333,0,0,0,1,,
0.03,0.039824248,-28,6228,0.112183169,0.0737375,-9.21E-05,111.2,0,0,0,2,,
0.03,0.039824248,-28,6228,0.112183169,0.0737375,7.43E-05,109.6666667,0,0,0,1,,
0.03,0.039824248,-28,6228,0.112183169,0.0737375,-0.000250822,114.505,0,0,0,2,,
0.03,0.039824248,-28,6228,0.112183169,0.0737375,0.000169616,116.5,0,0,0,1,,
0.03,0.039824248,-28,6228,0.112183169,0.0737375,-0.000289483,107,0,0,0,2,,
0.03,0.039824248,-28,6228,0.112183169,0.0737375,0.00015653,107.8,0,0,0,1,,
0.03,0.039824248,-28,6228,0.112183169,0.0737375,0.000151208,95.25,0,0,0,1,,
0.03,0.039824248,-28,6228,0.112183169,0.0737375,0.000158842,110.5,0,0,0,1,,
0.03,0.039824248,-28,6228,0.112183169,0.0737375,-0.000160087,110.2142857,0,0,0,2,,
0.03,0.039824248,-28,6228,0.112183169,0.0737375,0.000138144,110.5,0,0,0,1,,
0.03,0.039824248,-28,6228,0.112183169,0.0737375,0.000502727,110.005,0,0,0,1,,
0.03,0.039824248,-28,6228,0.112183169,0.0737375,0.000125624,111.5,0,0,0,1,,
-0.03,-0.04251834,28,-3000,0.121204407,-0.070040625,0.000243018,113.008,0,0,0,1,,
-0.03,-0.04251834,28,-3000,0.121204407,-0.070040625,-9.70E-05,111.8333333,0,0,0,2,,
-0.03,-0.04251834,28,-3000,0.121204407,-0.070040625,-0.000144515,115.25,0,0,0,2,,
-0.03,-0.04251834,28,-3000,0.121204407,-0.070040625,-0.000152243,115,0,0,0,2,,
-0.03,-0.04251834,28,-3000,0.121204407,-0.070040625,0.000127203,119.6,0,0,0,1,,
-0.03,-0.04251834,28,-3000,0.121204407,-0.070040625,-0.000232796,114.0066667,0,0,0,2,,
-0.03,-0.04251834,28,-3000,0.121204407,-0.070040625,0.000360617,115.6,0,0,0,1,,
-0.03,-0.04251834,28,-3000,0.121204407,-0.070040625,-6.08E-05,110.6,0,0,0,2,,
-0.03,-0.04251834,28,-3000,0.121204407,-0.070040625,-0.000326402,108.6733333,0,0,0,2,,
-0.03,-0.04251834,28,-3000,0.121204407,-0.070040625,-9.36E-05,105.4,0,0,0,2,,
-0.03,-0.04251834,28,-3000,0.121204407,-0.070040625,9.85E-05,105.8,0,0,0,1,,
-0.03,-0.04251834,28,-3000,0.121204407,-0.070040625,-0.000101527,115.25,0,0,0,2,,
-0.03,-0.04251834,28,-3000,0.121204407,-0.070040625,3.06E-05,115.005,0,0,0,1,,
-0.03,-0.04251834,28,-3000,0.121204407,-0.070040625,-0.000187533,111.2,0,0,0,2,,
-0.03,-0.04251834,28,-3000,0.121204407,-0.070040625,0.00012184,113.8,0,0,0,1,,
-0.03,-0.04251834,28,-3000,0.121204407,-0.070040625,-8.92E-05,122.75,0,0,0,2,,
-0.03,-0.04251834,28,-3000,0.121204407,-0.070040625,0.000210088,113.505,0,0,0,1,,
-0.03,-0.04251834,28,-3000,0.121204407,-0.070040625,-7.56E-05,111.408,0,0,0,2,,
-0.03,-0.04251834,28,-3000,0.121204407,-0.070040625,0.000340494,111.3333333,0,0,0,1,,
-0.03,-0.04251834,28,-3000,0.121204407,-0.070040625,-7.25E-05,116.25,0,0,0,2,,
-0.03,-0.04251834,28,-3000,0.121204407,-0.070040625,8.85E-05,113.6666667,0,0,0,1,,
-0.03,-0.04251834,28,-3000,0.121204407,-0.070040625,-3.41E-05,111.8218182,0,0,0,1,,
-0.03,-0.04251834,28,-3000,0.121204407,-0.070040625,0.000142036,110.5,0,0,0,1,,
-0.03,-0.04251834,28,-3000,0.121204407,-0.070040625,-5.89E-05,121.25,0,0,0,2,,
-0.03,-0.04251834,28,-3000,0.121204407,-0.070040625,0.000149026,110.8,0,0,0,1,,
-0.03,-0.04251834,28,-3000,0.121204407,-0.070040625,-0.000196926,115,0,0,0,2,,
-0.03,-0.04251834,28,-3000,0.121204407,-0.070040625,2.62E-05,111.0066667,0,0,0,2,,
-0.03,-0.04251834,28,-3000,0.121204407,-0.070040625,-7.80E-05,110.8,0,0,0,2,,
-0.03,-0.04251834,28,-3000,0.121204407,-0.070040625,0.000143503,117.75,0,0,0,1,,
-0.03,-0.04251834,28,-3000,0.121204407,-0.070040625,-0.000116563,110.5,0,0,0,2,,
-0.03,-0.04251834,28,-3000,0.121204407,-0.070040625,-0.00019184,116.6,0,0,0,2,,
-0.03,-0.04251834,28,-3000,0.121204407,-0.070040625,-0.000168382,111,0,0,0,2,,
-0.03,-0.04251834,28,-3000,0.121204407,-0.070040625,0.000250556,112.2,0,0,0,1,,
-0.03,-0.04251834,28,-3000,0.121204407,-0.070040625,-6.91E-05,112.8,0,0,0,2,,
-0.03,-0.04251834,28,-3000,0.121204407,-0.070040625,0.000149027,107.1666667,0,0,0,1,,
-0.03,-0.04251834,28,-3000,0.121204407,-0.070040625,-9.22E-05,109.3333333,0,0,0,2,,
-0.03,-0.04251834,28,-3000,0.121204407,-0.070040625,0.000132485,114.4,0,0,0,1,,
-0.03,-0.04251834,28,-3000,0.121204407,-0.070040625,-5.08E-05,113.625,0,0,0,2,,
-0.03,-0.04251834,28,-3000,0.121204407,-0.070040625,0.000301998,113.26,0,0,0,1,,
-0.03,-0.04251834,28,-3000,0.121204407,-0.070040625,0.000108673,111.1733333,0,0,0,1,,
-0.03,-0.04251834,28,-3000,0.121204407,-0.070040625,0.000178363,120.4,0,0,0,1,,
-0.03,-0.04251834,28,-3000,0.121204407,-0.070040625,0.000317875,113.1666667,0,0,0,1,,
-0.03,-0.04251834,28,-3000,0.121204407,-0.070040625,0.000387011,118,0,0,0,1,,
-0.03,-0.04251834,28,-3000,0.121204407,-0.070040625,-0.000505981,117,0,0,0,2,,
-0.03,-0.04251834,28,-3000,0.121204407,-0.070040625,0.000287612,118.5,0,0,0,1,,
-0.03,-0.04251834,28,-3000,0.121204407,-0.070040625,-7.96E-05,113.2,0,0,0,2,,
-0.03,-0.04251834,28,-3000,0.121204407,-0.070040625,1.01E-05,110,0,0,0,2,,
-0.03,-0.04251834,28,-3000,0.121204407,-0.070040625,0.000491597,111.3333333,0,0,0,1,,
-0.03,-0.04251834,28,-3000,0.121204407,-0.070040625,0.000122549,111.3333333,0,0,0,1,,
-0.03,-0.04251834,28,-3000,0.121204407,-0.070040625,-7.30E-06,115.1666667,0,0,0,2,,
-0.03,-0.04251834,28,-3000,0.121204407,-0.070040625,9.89E-05,115.1,0,0,0,1,,
0.04,0.035197757,-89,5814,0.022304015,0.069859375,-0.000134888,107.3333333,0,0,0,2,,
0.04,0.035197757,-89,5814,0.022304015,0.069859375,0.000176281,108.1666667,0,0,0,1,,
0.04,0.035197757,-89,5814,0.022304015,0.069859375,0.000278366,116.7,0,0,0,2,,
0.04,0.035197757,-89,5814,0.022304015,0.069859375,0.00014966,114,0,0,0,1,,
0.04,0.035197757,-89,5814,0.022304015,0.069859375,-0.000222592,107,0,0,0,2,,
0.04,0.035197757,-89,5814,0.022304015,0.069859375,-0.000193403,115.204,0,0,0,1,,
0.04,0.035197757,-89,5814,0.022304015,0.069859375,-0.000241144,116.8,0,0,0,2,,
0.04,0.035197757,-89,5814,0.022304015,0.069859375,0.000190985,109.75,0,0,0,1,,
0.04,0.035197757,-89,5814,0.022304015,0.069859375,-0.000174152,113.5,0,0,0,2,,
0.04,0.035197757,-89,5814,0.022304015,0.069859375,0.000191694,106.5,0,0,0,1,,
0.04,0.035197757,-89,5814,0.022304015,0.069859375,5.83E-05,113.75,0,0,0,2,,
0.04,0.035197757,-89,5814,0.022304015,0.069859375,0.000304365,117,0,0,0,1,,
0.04,0.035197757,-89,5814,0.022304015,0.069859375,0.000131918,110.8181818,0,0,0,1,,
0.04,0.035197757,-89,5814,0.022304015,0.069859375,-0.000154297,107.3333333,0,0,0,2,,
0.04,0.035197757,-89,5814,0.022304015,0.069859375,0.000339982,109.2,0,0,0,2,,
0.04,0.035197757,-89,5814,0.022304015,0.069859375,0.000170745,116.25,0,0,0,1,,
0.04,0.035197757,-89,5814,0.022304015,0.069859375,0.000330884,107.6485714,0,0,0,2,,
0.04,0.035197757,-89,5814,0.022304015,0.069859375,0.000226039,108.6,0,0,0,1,,
0.04,0.035197757,-89,5814,0.022304015,0.069859375,-9.89E-05,111.5,0,0,0,2,,
0.04,0.035197757,-89,5814,0.022304015,0.069859375,7.94E-05,107.4,0,0,0,1,,
0.04,0.035197757,-89,5814,0.022304015,0.069859375,0.000113606,111.5,0,0,0,1,,
0.04,0.035197757,-89,5814,0.022304015,0.069859375,9.69E-05,107.6,0,0,0,1,,
0.04,0.035197757,-89,5814,0.022304015,0.069859375,0.000137576,104.625,0,0,0,1,,
0.04,0.035197757,-89,5814,0.022304015,0.069859375,0.000250094,104.25,0,0,0,1,,
0.04,0.035197757,-89,5814,0.022304015,0.069859375,0.000294763,99.125,0,0,0,1,,
0.04,0.035197757,-89,5814,0.022304015,0.069859375,0.00017529,102.25,0,0,0,1,,
0.04,0.035197757,-89,5814,0.022304015,0.069859375,-9.57E-05,107.25,0,0,0,2,,
0.04,0.035197757,-89,5814,0.022304015,0.069859375,0.000176713,113.2,0,0,0,1,,
0.04,0.035197757,-89,5814,0.022304015,0.069859375,2.62E-06,103.8333333,0,0,0,2,,
0.04,0.035197757,-89,5814,0.022304015,0.069859375,0.000187591,119,0,0,0,1,,
0.04,0.035197757,-89,5814,0.022304015,0.069859375,9.15E-05,109.004,0,0,0,2,,
0.04,0.035197757,-89,5814,0.022304015,0.069859375,0.000200534,117.4,0,0,0,1,,
0,0.00781848,-70,517,-0.051661602,0.012378125,-1.62E-05,118.75,0,0,0,2,,
0,0.00781848,-70,517,-0.051661602,0.012378125,0.000122491,118.3333333,0,0,0,1,,
0,0.00781848,-70,517,-0.051661602,0.012378125,6.00E-05,110.5,0,0,0,2,,
0,0.00781848,-70,517,-0.051661602,0.012378125,0.000130738,113.5,0,0,0,1,,
0,0.00781848,-70,517,-0.051661602,0.012378125,-0.000116158,115.0066667,0,0,0,2,,
0,0.00781848,-70,517,-0.051661602,0.012378125,-0.000172495,112.5,0,0,0,2,,
0,0.00781848,-70,517,-0.051661602,0.012378125,-0.000191419,119.5,0,0,0,2,,
0,0.00781848,-70,517,-0.051661602,0.012378125,5.61E-05,115.2,0,0,0,1,,
0,0.00781848,-70,517,-0.051661602,0.012378125,-0.000138007,116.34,0,0,0,2,,
0,0.00781848,-70,517,-0.051661602,0.012378125,7.20E-05,115.6733333,0,0,0,1,,
0,0.00781848,-70,517,-0.051661602,0.012378125,-0.000243741,118.1666667,0,0,0,2,,
0,0.00781848,-70,517,-0.051661602,0.012378125,0.000150229,122.6,0,0,0,1,,
0,0.00781848,-70,517,-0.051661602,0.012378125,-0.000180957,112.2,0,0,0,2,,
0,0.00781848,-70,517,-0.051661602,0.012378125,0.000332471,116.3333333,0,0,0,1,,
0,0.00781848,-70,517,-0.051661602,0.012378125,0.000173159,111.416,0,0,0,1,,
0,0.00781848,-70,517,-0.051661602,0.012378125,0.000268142,116,0,0,0,1,,
0,0.00781848,-70,517,-0.051661602,0.012378125,-4.93E-05,112,0,0,0,2,,
0,0.00781848,-70,517,-0.051661602,0.012378125,0.000187759,118.7525,0,0,0,1,,
0,0.00781848,-70,517,-0.051661602,0.012378125,9.83E-05,110.416,0,0,0,1,,
0,0.00781848,-70,517,-0.051661602,0.012378125,0.000171416,112,0,0,0,1,,
0,0.00781848,-70,517,-0.051661602,0.012378125,-0.000178866,110.8533333,0,0,0,2,,
0,0.00781848,-70,517,-0.051661602,0.012378125,0.000203789,112.25,0,0,0,1,,
0,0.00781848,-70,517,-0.051661602,0.012378125,0.000429703,114.0066667,0,0,0,1,,
0,0.00781848,-70,517,-0.051661602,0.012378125,0.000140227,115.5,0,0,0,1,,
0,0.00781848,-70,517,-0.051661602,0.012378125,0.000171901,109.008,0,0,0,1,,
0,0.00781848,-70,517,-0.051661602,0.012378125,0.000121594,115,0,0,0,1,,
0,0.00781848,-70,517,-0.051661602,0.012378125,-0.000115262,109.75,0,0,0,2,,
0,0.00781848,-70,517,-0.051661602,0.012378125,0.000159617,111.25,0,0,0,1,,
0,0.00781848,-70,517,-0.051661602,0.012378125,-0.000103469,114.84,0,0,0,2,,
0,0.00781848,-70,517,-0.051661602,0.012378125,7.43E-05,110.6733333,0,0,0,1,,
0,0.00781848,-70,517,-0.051661602,0.012378125,0.000249422,107.6666667,0,0,0,1,,
0,0.00781848,-70,517,-0.051661602,0.012378125,6.70E-05,108.2,0,0,0,1,,
0,0.00781848,-70,517,-0.051661602,0.012378125,-5.40E-05,117.6,0,0,0,2,,
0,0.00781848,-70,517,-0.051661602,0.012378125,0.000217608,107.6,0,0,0,1,,
0.03,0.032697778,-27,3436,-0.223505032,0.059596875,0.000138298,110.1666667,0,0,0,1,,
0.03,0.032697778,-27,3436,-0.223505032,0.059596875,-0.000102271,119.8333333,0,0,0,2,,
0.03,0.032697778,-27,3436,-0.223505032,0.059596875,0.000156268,109.6,0,0,0,1,,
0.03,0.032697778,-27,3436,-0.223505032,0.059596875,-0.000207499,127.84,0,0,0,2,,
0.03,0.032697778,-27,3436,-0.223505032,0.059596875,0.000205963,95.75,0,0,0,1,,
0.03,0.032697778,-27,3436,-0.223505032,0.059596875,-0.000150058,122,0,0,0,2,,
0.03,0.032697778,-27,3436,-0.223505032,0.059596875,0.000123401,110.17,0,0,0,1,,
0.03,0.032697778,-27,3436,-0.223505032,0.059596875,-0.000118977,124.34,0,0,0,2,,
0.03,0.032697778,-27,3436,-0.223505032,0.059596875,9.55E-05,116.6666667,0,0,0,1,,
0.03,0.032697778,-27,3436,-0.223505032,0.059596875,-0.000276954,128.8,0,0,0,2,,
0.03,0.032697778,-27,3436,-0.223505032,0.059596875,3.98E-05,123.8,0,0,0,1,,
0.03,0.032697778,-27,3436,-0.223505032,0.059596875,4.68E-05,119.5133333,0,0,0,1,,
0.03,0.032697778,-27,3436,-0.223505032,0.059596875,0.00015948,114.8,0,0,0,1,,
0.03,0.032697778,-27,3436,-0.223505032,0.059596875,-4.22E-05,120.51,0,0,0,2,,
0.03,0.032697778,-27,3436,-0.223505032,0.059596875,8.88E-05,124.5,0,0,0,1,,
0.03,0.032697778,-27,3436,-0.223505032,0.059596875,0.000101528,116.89,0,0,0,2,,
0.03,0.032697778,-27,3436,-0.223505032,0.059596875,3.03E-05,115.5,0,0,0,1,,
0.03,0.032697778,-27,3436,-0.223505032,0.059596875,4.15E-05,125.6733333,0,0,0,1,,
0.03,0.032697778,-27,3436,-0.223505032,0.059596875,0.000173412,106,0,0,0,1,,
0.03,0.032697778,-27,3436,-0.223505032,0.059596875,-0.00018833,123.76,0,0,0,2,,
0.03,0.032697778,-27,3436,-0.223505032,0.059596875,7.24E-05,113.6666667,0,0,0,1,,
0.03,0.032697778,-27,3436,-0.223505032,0.059596875,-0.000242527,116.4,0,0,0,2,,
0.03,0.032697778,-27,3436,-0.223505032,0.059596875,0.000114582,107.25,0,0,0,1,,
0.03,0.032697778,-27,3436,-0.223505032,0.059596875,-0.000275029,126.5,0,0,0,2,,
0.03,0.032697778,-27,3436,-0.223505032,0.059596875,8.27E-05,105.2,0,0,0,1,,
0.03,0.032697778,-27,3436,-0.223505032,0.059596875,-0.000170787,124,0,0,0,2,,
0.03,0.032697778,-27,3436,-0.223505032,0.059596875,-0.000310327,117.25,0,0,0,1,,
0.03,0.032697778,-27,3436,-0.223505032,0.059596875,-0.000198325,122.2,0,0,0,2,,
0.03,0.032697778,-27,3436,-0.223505032,0.059596875,5.96E-05,118.4,0,0,0,1,,
0.03,0.032697778,-27,3436,-0.223505032,0.059596875,-7.84E-05,117.904,0,0,0,2,,
0.03,0.032697778,-27,3436,-0.223505032,0.059596875,0.000199217,117.2,0,0,0,1,,
0.03,0.032697778,-27,3436,-0.223505032,0.059596875,-0.000139189,125.4,0,0,0,2,,
0.03,0.032697778,-27,3436,-0.223505032,0.059596875,8.87E-05,117.2,0,0,0,1,,
0.03,0.032697778,-27,3436,-0.223505032,0.059596875,-0.000146627,125.1428571,0,0,0,2,,
0.03,0.032697778,-27,3436,-0.223505032,0.059596875,0.000144278,122.5,0,0,0,1,,
0.03,0.032697778,-27,3436,-0.223505032,0.059596875,-0.000161558,125.6666667,0,0,0,2,,
0.03,0.032697778,-27,3436,-0.223505032,0.059596875,4.14E-05,109.1666667,0,0,0,1,,
0.03,0.032697778,-27,3436,-0.223505032,0.059596875,-0.000207604,119,0,0,0,2,,
0.03,0.032697778,-27,3436,-0.223505032,0.059596875,0.000113501,111.5,0,0,0,1,,
0.03,0.032697778,-27,3436,-0.223505032,0.059596875,-0.000251962,126.5,0,0,0,2,,
0.03,0.032697778,-27,3436,-0.223505032,0.059596875,0.000239653,117.6,0,0,0,1,,
0.03,0.032697778,-27,3436,-0.223505032,0.059596875,-0.000379433,128,0,0,0,2,,
0.03,0.032697778,-27,3436,-0.223505032,0.059596875,0.000189541,109,0,0,0,1,,
0.03,0.032697778,-27,3436,-0.223505032,0.059596875,6.72E-05,128.875,0,0,0,2,,
0.03,0.032697778,-27,3436,-0.223505032,0.059596875,0.000158989,111.25,0,0,0,1,,
0.03,0.032697778,-27,3436,-0.223505032,0.059596875,-0.000162636,127,0,0,0,2,,
0.03,0.032697778,-27,3436,-0.223505032,0.059596875,-5.64E-05,122.7533333,0,0,0,2,,
0.03,0.032697778,-27,3436,-0.223505032,0.059596875,-2.53E-05,117.1666667,0,0,0,2,,
0.03,0.032697778,-27,3436,-0.223505032,0.059596875,6.32E-05,107.84,0,0,0,1,,
0.03,0.032697778,-27,3436,-0.223505032,0.059596875,-0.000232951,124.84,0,0,0,2,,
0.03,0.032697778,-27,3436,-0.223505032,0.059596875,0.000156821,124.75,0,0,0,1,,
0.03,0.032697778,-27,3436,-0.223505032,0.059596875,-0.000120291,117.608,0,0,0,2,,
0.03,0.032697778,-27,3436,-0.223505032,0.059596875,0.000100872,107.4,0,0,0,1,,
0.03,0.032697778,-27,3436,-0.223505032,0.059596875,3.13E-05,126.5066667,0,0,0,1,,
0.03,0.032697778,-27,3436,-0.223505032,0.059596875,0.000120519,112.4,0,0,0,1,,
0.03,0.032697778,-27,3436,-0.223505032,0.059596875,-0.000307177,114,0,0,0,2,,
0.03,0.032697778,-27,3436,-0.223505032,0.059596875,0.000123847,111.8,0,0,0,1,,
-0.03,-0.049413891,8,-8000,0.1933956,-0.0758,0.000164427,120.6,0,0,0,1,,
-0.03,-0.049413891,8,-8000,0.1933956,-0.0758,-0.000134823,121,0,0,0,2,,
-0.03,-0.049413891,8,-8000,0.1933956,-0.0758,0.000300742,129.6666667,0,0,0,1,,
-0.03,-0.049413891,8,-8000,0.1933956,-0.0758,-0.000239829,115.75,0,0,0,2,,
-0.03,-0.049413891,8,-8000,0.1933956,-0.0758,0.000163122,124,0,0,0,1,,
-0.03,-0.049413891,8,-8000,0.1933956,-0.0758,-0.000199227,112.75,0,0,0,2,,
-0.03,-0.049413891,8,-8000,0.1933956,-0.0758,0.000305968,120,0,0,0,1,,
-0.03,-0.049413891,8,-8000,0.1933956,-0.0758,-0.000146496,114.2,0,0,0,2,,
-0.03,-0.049413891,8,-8000,0.1933956,-0.0758,0.000206563,128,0,0,0,1,,
-0.03,-0.049413891,8,-8000,0.1933956,-0.0758,-0.000100561,111.38,0,0,0,2,,
-0.03,-0.049413891,8,-8000,0.1933956,-0.0758,0.000236838,122.25,0,0,0,1,,
-0.03,-0.049413891,8,-8000,0.1933956,-0.0758,-0.00018251,115,0,0,0,2,,
-0.03,-0.049413891,8,-8000,0.1933956,-0.0758,0.000135208,114.0028571,0,0,0,2,,
-0.03,-0.049413891,8,-8000,0.1933956,-0.0758,-0.000151009,109.4,0,0,0,2,,
-0.03,-0.049413891,8,-8000,0.1933956,-0.0758,0.000127852,121.75,0,0,0,1,,
-0.03,-0.049413891,8,-8000,0.1933956,-0.0758,-8.72E-05,116.1666667,0,0,0,2,,
-0.03,-0.049413891,8,-8000,0.1933956,-0.0758,0.000185952,117.125,0,0,0,1,,
-0.03,-0.049413891,8,-8000,0.1933956,-0.0758,-0.000196821,105.6,0,0,0,2,,
-0.03,-0.049413891,8,-8000,0.1933956,-0.0758,0.000192462,118.34,0,0,0,1,,
-0.03,-0.049413891,8,-8000,0.1933956,-0.0758,-6.96E-05,113.408,0,0,0,2,,
-0.03,-0.049413891,8,-8000,0.1933956,-0.0758,-5.66E-05,123.9,0,0,0,1,,
-0.03,-0.049413891,8,-8000,0.1933956,-0.0758,-0.000194307,104.5,0,0,0,2,,
-0.03,-0.049413891,8,-8000,0.1933956,-0.0758,0.000115254,121.5,0,0,0,1,,
-0.03,-0.049413891,8,-8000,0.1933956,-0.0758,-0.000263227,111.75,0,0,0,2,,
-0.03,-0.049413891,8,-8000,0.1933956,-0.0758,0.000176422,112.39,0,0,0,1,,
-0.03,-0.049413891,8,-8000,0.1933956,-0.0758,-0.00013771,105.9314286,0,0,0,2,,
-0.03,-0.049413891,8,-8000,0.1933956,-0.0758,0.000596197,122.75,0,0,0,1,,
-0.03,-0.049413891,8,-8000,0.1933956,-0.0758,-7.02E-05,108.1666667,0,0,0,2,,
-0.03,-0.049413891,8,-8000,0.1933956,-0.0758,0.000293154,120.5,0,0,0,1,,
-0.03,-0.049413891,8,-8000,0.1933956,-0.0758,-6.89E-05,108,0,0,0,2,,
-0.03,-0.049413891,8,-8000,0.1933956,-0.0758,0.00016633,122.75,0,0,0,1,,
-0.03,-0.049413891,8,-8000,0.1933956,-0.0758,-0.000113694,117.5,0,0,0,2,,
-0.03,-0.049413891,8,-8000,0.1933956,-0.0758,0.000133773,116.2,0,0,0,1,,
-0.03,-0.049413891,8,-8000,0.1933956,-0.0758,-0.000150586,117,0,0,0,2,,
-0.03,-0.049413891,8,-8000,0.1933956,-0.0758,0.000276324,106.75,0,0,0,1,,
-0.03,-0.049413891,8,-8000,0.1933956,-0.0758,-8.63E-05,107.6,0,0,0,2,,
-0.03,-0.049413891,8,-8000,0.1933956,-0.0758,0.000154303,131.25,0,0,0,1,,
-0.03,-0.049413891,8,-8000,0.1933956,-0.0758,0.000330898,108.6666667,0,0,0,1,,
-0.03,-0.049413891,8,-8000,0.1933956,-0.0758,0.000156454,115.8,0,0,0,1,,
-0.03,-0.049413891,8,-8000,0.1933956,-0.0758,-0.000141643,108.25,0,0,0,2,,
-0.03,-0.049413891,8,-8000,0.1933956,-0.0758,0.000115643,108.34,0,0,0,1,,
-0.03,-0.049413891,8,-8000,0.1933956,-0.0758,-0.000148566,99.25,0,0,0,2,,
-0.03,-0.049413891,8,-8000,0.1933956,-0.0758,0.000147096,111.6666667,0,0,0,1,,
-0.03,-0.049413891,8,-8000,0.1933956,-0.0758,-0.000258536,114.4,0,0,0,2,,
-0.03,-0.049413891,8,-8000,0.1933956,-0.0758,-0.000386128,120,0,0,0,2,,
-0.03,-0.049413891,8,-8000,0.1933956,-0.0758,-9.53E-05,112.5,0,0,0,2,,
-0.03,-0.049413891,8,-8000,0.1933956,-0.0758,0.0001714,110.5,0,0,0,1,,
-0.03,-0.049413891,8,-8000,0.1933956,-0.0758,-0.000216617,122.75,0,0,0,2,,
0.02,0.029369209,-6,5195,-0.050643129,0.04678125,-8.86E-05,115,0,0,0,1,,
0.02,0.029369209,-6,5195,-0.050643129,0.04678125,-0.000139668,114.408,0,0,0,2,,
0.02,0.029369209,-6,5195,-0.050643129,0.04678125,0.000126224,112.8333333,0,0,0,1,,
0.02,0.029369209,-6,5195,-0.050643129,0.04678125,-7.53E-05,109.75,0,0,0,2,,
0.02,0.029369209,-6,5195,-0.050643129,0.04678125,0.000389937,106.5,0,0,0,1,,
0.02,0.029369209,-6,5195,-0.050643129,0.04678125,-6.29E-05,119.8333333,0,0,0,2,,
0.02,0.029369209,-6,5195,-0.050643129,0.04678125,0.000150944,112.4,0,0,0,1,,
0.02,0.029369209,-6,5195,-0.050643129,0.04678125,-0.000122061,116.5,0,0,0,2,,
0.02,0.029369209,-6,5195,-0.050643129,0.04678125,0.000135415,113.6666667,0,0,0,1,,
0.02,0.029369209,-6,5195,-0.050643129,0.04678125,-0.000170131,121.875,0,0,0,2,,
0.02,0.029369209,-6,5195,-0.050643129,0.04678125,3.40E-05,108.1733333,0,0,0,1,,
0.02,0.029369209,-6,5195,-0.050643129,0.04678125,-8.23E-05,117.8333333,0,0,0,2,,
0.02,0.029369209,-6,5195,-0.050643129,0.04678125,0.00012382,117.504,0,0,0,1,,
0.02,0.029369209,-6,5195,-0.050643129,0.04678125,-9.08E-05,107.2,0,0,0,2,,
0.02,0.029369209,-6,5195,-0.050643129,0.04678125,0.00010522,98.5,0,0,0,1,,
0.02,0.029369209,-6,5195,-0.050643129,0.04678125,-0.000176658,113.4,0,0,0,2,,
0.02,0.029369209,-6,5195,-0.050643129,0.04678125,0.000133434,115,0,0,0,1,,
0.02,0.029369209,-6,5195,-0.050643129,0.04678125,-0.00012001,120,0,0,0,2,,
0.02,0.029369209,-6,5195,-0.050643129,0.04678125,0.000140468,127.25,0,0,0,1,,
0.02,0.029369209,-6,5195,-0.050643129,0.04678125,-0.000100468,126,0,0,0,2,,
0.02,0.029369209,-6,5195,-0.050643129,0.04678125,7.57E-05,118.6,0,0,0,1,,
0.02,0.029369209,-6,5195,-0.050643129,0.04678125,2.60E-05,114.34,0,0,0,1,,
0.02,0.029369209,-6,5195,-0.050643129,0.04678125,0.000272886,115.6,0,0,0,1,,
0.02,0.029369209,-6,5195,-0.050643129,0.04678125,-0.000146881,112.5,0,0,0,2,,
0.02,0.029369209,-6,5195,-0.050643129,0.04678125,0.000207989,111.25,0,0,0,1,,
0.02,0.029369209,-6,5195,-0.050643129,0.04678125,-0.00015584,121.6666667,0,0,0,2,,
0.02,0.029369209,-6,5195,-0.050643129,0.04678125,0.000128064,106.5,0,0,0,1,,
0.02,0.029369209,-6,5195,-0.050643129,0.04678125,5.89E-05,114.4,0,0,0,1,,
0.02,0.029369209,-6,5195,-0.050643129,0.04678125,0.000124555,112.8,0,0,0,1,,
0.02,0.029369209,-6,5195,-0.050643129,0.04678125,-3.87E-05,106.1666667,0,0,0,2,,
0.02,0.029369209,-6,5195,-0.050643129,0.04678125,0.000207992,108.4,0,0,0,1,,
0.02,0.029369209,-6,5195,-0.050643129,0.04678125,-5.85E-05,118.5,0,0,0,2,,
0.02,0.029369209,-6,5195,-0.050643129,0.04678125,0.000155092,110.1733333,0,0,0,1,,
0.04,0.055904054,-31,6365,-0.070060604,0.08141875,-0.00027625,118.8,0,0,0,2,,
0.04,0.055904054,-31,6365,-0.070060604,0.08141875,0.000189234,120,0,0,0,1,,
0.04,0.055904054,-31,6365,-0.070060604,0.08141875,0.000144302,111.5133333,0,0,0,1,,
0.04,0.055904054,-31,6365,-0.070060604,0.08141875,0.000160581,114,0,0,0,1,,
0.04,0.055904054,-31,6365,-0.070060604,0.08141875,-0.00011882,112.9,0,0,0,2,,
0.04,0.055904054,-31,6365,-0.070060604,0.08141875,0.000166657,109.6,0,0,0,1,,
0.04,0.055904054,-31,6365,-0.070060604,0.08141875,-0.000220195,114.8333333,0,0,0,2,,
0.04,0.055904054,-31,6365,-0.070060604,0.08141875,0.000113856,117.125,0,0,0,1,,
0.04,0.055904054,-31,6365,-0.070060604,0.08141875,-0.00018761,116.004,0,0,0,2,,
0.04,0.055904054,-31,6365,-0.070060604,0.08141875,8.87E-05,113.6,0,0,0,1,,
0.04,0.055904054,-31,6365,-0.070060604,0.08141875,-0.00016994,114,0,0,0,2,,
0.04,0.055904054,-31,6365,-0.070060604,0.08141875,7.86E-05,114.75,0,0,0,1,,
0.04,0.055904054,-31,6365,-0.070060604,0.08141875,-0.000198743,116.75,0,0,0,2,,
0.04,0.055904054,-31,6365,-0.070060604,0.08141875,-0.000483374,117.34,0,0,0,2,,
0.04,0.055904054,-31,6365,-0.070060604,0.08141875,-0.000420079,114.625,0,0,0,2,,
0.04,0.055904054,-31,6365,-0.070060604,0.08141875,-0.000298765,118.875,0,0,0,2,,
0.04,0.055904054,-31,6365,-0.070060604,0.08141875,-0.00015739,120.25,0,0,0,2,,
0.04,0.055904054,-31,6365,-0.070060604,0.08141875,-9.40E-05,105.84,0,0,0,2,,
0.04,0.055904054,-31,6365,-0.070060604,0.08141875,-0.000272795,120.25,0,0,0,2,,
0.04,0.055904054,-31,6365,-0.070060604,0.08141875,0.000102961,114.5,0,0,0,1,,
0.04,0.055904054,-31,6365,-0.070060604,0.08141875,-0.000249889,121,0,0,0,2,,
0.04,0.055904054,-31,6365,-0.070060604,0.08141875,0.000165254,114.75,0,0,0,1,,
0.04,0.055904054,-31,6365,-0.070060604,0.08141875,-0.000424417,119,0,0,0,2,,
0.04,0.055904054,-31,6365,-0.070060604,0.08141875,0.000105497,111.4,0,0,0,1,,
0.04,0.055904054,-31,6365,-0.070060604,0.08141875,-0.000279067,118.8,0,0,0,2,,
0.04,0.055904054,-31,6365,-0.070060604,0.08141875,1.20E-05,114,0,0,0,1,,
0.04,0.055904054,-31,6365,-0.070060604,0.08141875,-0.000106403,116.3333333,0,0,0,2,,
0.04,0.055904054,-31,6365,-0.070060604,0.08141875,0.000188306,117.25,0,0,0,1,,
0.04,0.055904054,-31,6365,-0.070060604,0.08141875,-0.000140913,119.42,0,0,0,2,,
0.04,0.055904054,-31,6365,-0.070060604,0.08141875,0.000137903,119.5,0,0,0,1,,
0.04,0.055904054,-31,6365,-0.070060604,0.08141875,-0.000398356,121.1666667,0,0,0,2,,
0.04,0.055904054,-31,6365,-0.070060604,0.08141875,0.000168564,118.8,0,0,0,1,,
0.04,0.055904054,-31,6365,-0.070060604,0.08141875,-0.000129453,122.5,0,0,0,2,,
0.04,0.055904054,-31,6365,-0.070060604,0.08141875,0.000178606,117.75,0,0,0,1,,
0.04,0.055904054,-31,6365,-0.070060604,0.08141875,-0.000118727,117.68,0,0,0,2,,
0.04,0.055904054,-31,6365,-0.070060604,0.08141875,0.000139414,121.25,0,0,0,1,,
0.04,0.055904054,-31,6365,-0.070060604,0.08141875,-0.00025617,120.4,0,0,0,2,,
0.04,0.055904054,-31,6365,-0.070060604,0.08141875,0.00013394,119.75,0,0,0,1,,
0.04,0.055904054,-31,6365,-0.070060604,0.08141875,-0.00019563,119.6,0,0,0,2,,
0.04,0.055904054,-31,6365,-0.070060604,0.08141875,-0.000121976,111.8181818,0,0,0,1,,
0.04,0.055904054,-31,6365,-0.070060604,0.08141875,0.00043754,116.01,0,0,0,1,,
0.04,0.055904054,-31,6365,-0.070060604,0.08141875,8.03E-05,107.84,0,0,0,1,,
0.04,0.055904054,-31,6365,-0.070060604,0.08141875,9.16E-05,115.1666667,0,0,0,1,,
0.04,0.055904054,-31,6365,-0.070060604,0.08141875,-5.78E-05,115.0771429,0,0,0,1,,
0.04,0.055904054,-31,6365,-0.070060604,0.08141875,-0.000240034,116.5,0,0,0,2,,
0.04,0.055904054,-31,6365,-0.070060604,0.08141875,0.000196736,119.25,0,0,0,1,,
0.04,0.055904054,-31,6365,-0.070060604,0.08141875,0.000136694,112.912,0,0,0,1,,
0.02,0.018798996,-35,5368,-0.051244336,0.02598125,-5.49E-05,113,0,0,0,2,,
0.02,0.018798996,-35,5368,-0.051244336,0.02598125,4.78E-05,120.8333333,0,0,0,1,,
0.02,0.018798996,-35,5368,-0.051244336,0.02598125,-0.000213926,119,0,0,0,2,,
0.02,0.018798996,-35,5368,-0.051244336,0.02598125,7.99E-05,118.808,0,0,0,1,,
0.02,0.018798996,-35,5368,-0.051244336,0.02598125,3.83E-05,119.9,0,0,0,2,,
0.02,0.018798996,-35,5368,-0.051244336,0.02598125,0.000225803,103.6,0,0,0,1,,
0.02,0.018798996,-35,5368,-0.051244336,0.02598125,-0.000237623,116.2,0,0,0,2,,
0.02,0.018798996,-35,5368,-0.051244336,0.02598125,0.000188811,113,0,0,0,1,,
0.02,0.018798996,-35,5368,-0.051244336,0.02598125,0.000298345,119.4,0,0,0,1,,
0.02,0.018798996,-35,5368,-0.051244336,0.02598125,0.000117234,124,0,0,0,1,,
0.02,0.018798996,-35,5368,-0.051244336,0.02598125,2.28E-05,119.8333333,0,0,0,2,,
0.02,0.018798996,-35,5368,-0.051244336,0.02598125,0.00015489,113.8333333,0,0,0,1,,
0.02,0.018798996,-35,5368,-0.051244336,0.02598125,0.000383339,108.76,0,0,0,1,,
0.02,0.018798996,-35,5368,-0.051244336,0.02598125,0.000193299,118.75,0,0,0,1,,
0.02,0.018798996,-35,5368,-0.051244336,0.02598125,-0.00014585,116.8,0,0,0,2,,
0.02,0.018798996,-35,5368,-0.051244336,0.02598125,-0.000336015,115.3333333,0,0,0,2,,
0.02,0.018798996,-35,5368,-0.051244336,0.02598125,-0.000207699,110,0,0,0,2,,
0.02,0.018798996,-35,5368,-0.051244336,0.02598125,-0.000145823,115.2,0,0,0,2,,
0.02,0.018798996,-35,5368,-0.051244336,0.02598125,-0.000159801,116.5,0,0,0,2,,
0.02,0.018798996,-35,5368,-0.051244336,0.02598125,6.53E-05,111.6666667,0,0,0,1,,
0.02,0.018798996,-35,5368,-0.051244336,0.02598125,-0.000123378,106.875,0,0,0,2,,
0.02,0.018798996,-35,5368,-0.051244336,0.02598125,0.000145053,111.25,0,0,0,1,,
0.02,0.018798996,-35,5368,-0.051244336,0.02598125,0.000131352,111.76,0,0,0,2,,
0.02,0.018798996,-35,5368,-0.051244336,0.02598125,0.000200664,112.75,0,0,0,1,,
0.02,0.018798996,-35,5368,-0.051244336,0.02598125,7.18E-05,115.1666667,0,0,0,1,,
0.02,0.018798996,-35,5368,-0.051244336,0.02598125,0.000286397,115,0,0,0,1,,
0.02,0.018798996,-35,5368,-0.051244336,0.02598125,0.000159477,113.64,0,0,0,1,,
0.02,0.018798996,-35,5368,-0.051244336,0.02598125,-4.68E-05,106.304,0,0,0,1,,
0.02,0.018798996,-35,5368,-0.051244336,0.02598125,-0.000109904,108.0066667,0,0,0,2,,
0.02,0.018798996,-35,5368,-0.051244336,0.02598125,0.000124192,115.8,0,0,0,1,,
0.02,0.018798996,-35,5368,-0.051244336,0.02598125,-8.80E-05,111.6,0,0,0,2,,
0.02,0.018798996,-35,5368,-0.051244336,0.02598125,0.00018107,112,0,0,0,1,,
0.02,0.018798996,-35,5368,-0.051244336,0.02598125,6.29E-05,113.6666667,0,0,0,1,,
0.02,0.018798996,-35,5368,-0.051244336,0.02598125,0.000226034,107.4,0,0,0,1,,
0.02,0.018798996,-35,5368,-0.051244336,0.02598125,0.000135802,112.5,0,0,0,1,,
-0.02,-0.029950998,4,-6440,0.048276505,-0.05308125,-0.000354495,104.3333333,0,0,0,2,,
-0.02,-0.029950998,4,-6440,0.048276505,-0.05308125,0.000150896,111.3333333,0,0,0,1,,
-0.02,-0.029950998,4,-6440,0.048276505,-0.05308125,-0.000193761,110.008,0,0,0,2,,
-0.02,-0.029950998,4,-6440,0.048276505,-0.05308125,5.45E-05,108.4,0,0,0,1,,
-0.02,-0.029950998,4,-6440,0.048276505,-0.05308125,-0.000178887,105.4,0,0,0,2,,
-0.02,-0.029950998,4,-6440,0.048276505,-0.05308125,-0.000192932,110.8333333,0,0,0,1,,
-0.02,-0.029950998,4,-6440,0.048276505,-0.05308125,-0.000155496,112,0,0,0,2,,
-0.02,-0.029950998,4,-6440,0.048276505,-0.05308125,0.000124096,114.2,0,0,0,1,,
-0.02,-0.029950998,4,-6440,0.048276505,-0.05308125,-6.26E-05,107.875,0,0,0,1,,
-0.02,-0.029950998,4,-6440,0.048276505,-0.05308125,0.000202572,108.8333333,0,0,0,1,,
-0.02,-0.029950998,4,-6440,0.048276505,-0.05308125,-0.000174266,100.25,0,0,0,2,,
-0.02,-0.029950998,4,-6440,0.048276505,-0.05308125,-0.000340469,112.3466667,0,0,0,2,,
-0.02,-0.029950998,4,-6440,0.048276505,-0.05308125,-0.000112051,109.9,0,0,0,2,,
-0.02,-0.029950998,4,-6440,0.048276505,-0.05308125,-0.000181957,103.5,0,0,0,2,,
-0.02,-0.029950998,4,-6440,0.048276505,-0.05308125,-0.000173475,102.25,0,0,0,2,,
-0.02,-0.029950998,4,-6440,0.048276505,-0.05308125,8.20E-05,118.8,0,0,0,1,,
-0.02,-0.029950998,4,-6440,0.048276505,-0.05308125,-0.000142614,113.25,0,0,0,2,,
-0.02,-0.029950998,4,-6440,0.048276505,-0.05308125,0.000134811,107.5,0,0,0,1,,
-0.02,-0.029950998,4,-6440,0.048276505,-0.05308125,0.00013124,116.25,0,0,0,2,,
-0.02,-0.029950998,4,-6440,0.048276505,-0.05308125,0.000225801,124,0,0,0,1,,
-0.02,-0.029950998,4,-6440,0.048276505,-0.05308125,-0.00025572,107.25,0,0,0,2,,
-0.02,-0.029950998,4,-6440,0.048276505,-0.05308125,-0.000141085,117.6666667,0,0,0,2,,
-0.02,-0.029950998,4,-6440,0.048276505,-0.05308125,-0.000171719,106.1666667,0,0,0,2,,
-0.02,-0.029950998,4,-6440,0.048276505,-0.05308125,2.23E-05,106.375,0,0,0,1,,
-0.02,-0.029950998,4,-6440,0.048276505,-0.05308125,-0.000137066,103.2,0,0,0,2,,
-0.02,-0.029950998,4,-6440,0.048276505,-0.05308125,7.54E-05,106.8,0,0,0,1,,
-0.02,-0.029950998,4,-6440,0.048276505,-0.05308125,-0.00014289,105.3333333,0,0,0,2,,
-0.02,-0.029950998,4,-6440,0.048276505,-0.05308125,7.59E-05,106,0,0,0,1,,
-0.02,-0.029950998,4,-6440,0.048276505,-0.05308125,-0.000126374,110,0,0,0,2,,
-0.02,-0.029950998,4,-6440,0.048276505,-0.05308125,-0.000259698,97,0,0,0,2,,
-0.02,-0.029950998,4,-6440,0.048276505,-0.05308125,-0.000281342,117.6666667,0,0,0,2,,
-0.02,-0.029950998,4,-6440,0.048276505,-0.05308125,0.000138954,109.8,0,0,0,1,,
-0.02,-0.029950998,4,-6440,0.048276505,-0.05308125,-0.000201765,106.75,0,0,0,2,,
-0.02,-0.029950998,4,-6440,0.048276505,-0.05308125,0.000351543,122.4,0,0,0,1,,
-0.02,-0.029950998,4,-6440,0.048276505,-0.05308125,-0.000168046,105,0,0,0,2,,
-0.02,-0.029950998,4,-6440,0.048276505,-0.05308125,-0.000390477,94.6,0,0,0,2,,
0,0.007287742,-1,1255,-0.18088778,0.0086625,0.000143136,103.25,0,0,0,1,,
0,0.007287742,-1,1255,-0.18088778,0.0086625,-0.000232217,115.6,0,0,0,2,,
0,0.007287742,-1,1255,-0.18088778,0.0086625,0.000132576,105.6,0,0,0,1,,
0,0.007287742,-1,1255,-0.18088778,0.0086625,-0.000176626,117.3333333,0,0,0,2,,
0,0.007287742,-1,1255,-0.18088778,0.0086625,0.000266506,110.3333333,0,0,0,1,,
0,0.007287742,-1,1255,-0.18088778,0.0086625,-9.93E-05,109.8333333,0,0,0,2,,
0,0.007287742,-1,1255,-0.18088778,0.0086625,0.000236911,115.8,0,0,0,1,,
0,0.007287742,-1,1255,-0.18088778,0.0086625,1.77E-05,115,0,0,0,1,,
0,0.007287742,-1,1255,-0.18088778,0.0086625,0.000149976,105.5,0,0,0,1,,
0,0.007287742,-1,1255,-0.18088778,0.0086625,-0.000202483,106.5,0,0,0,2,,
0,0.007287742,-1,1255,-0.18088778,0.0086625,0.000107109,113.004,0,0,0,1,,
0,0.007287742,-1,1255,-0.18088778,0.0086625,0.000552886,110,0,0,0,1,,
0,0.007287742,-1,1255,-0.18088778,0.0086625,0.000109973,110.8333333,0,0,0,1,,
0,0.007287742,-1,1255,-0.18088778,0.0086625,-0.000186574,118.5,0,0,0,2,,
0,0.007287742,-1,1255,-0.18088778,0.0086625,0.000377051,112.25,0,0,0,1,,
0,0.007287742,-1,1255,-0.18088778,0.0086625,-0.00021535,115.8333333,0,0,0,2,,
0,0.007287742,-1,1255,-0.18088778,0.0086625,0.00029142,117.5,0,0,0,1,,
0,0.007287742,-1,1255,-0.18088778,0.0086625,0.000461472,115.1666667,0,0,0,1,,
0,0.007287742,-1,1255,-0.18088778,0.0086625,0.000176228,109,0,0,0,1,,
0,0.007287742,-1,1255,-0.18088778,0.0086625,0.000165458,115.016,0,0,0,1,,
0,0.007287742,-1,1255,-0.18088778,0.0086625,0.000145425,112.5066667,0,0,0,1,,
0,0.007287742,-1,1255,-0.18088778,0.0086625,-0.000230962,117.3333333,0,0,0,2,,
0,0.007287742,-1,1255,-0.18088778,0.0086625,-0.0002839,115.608,0,0,0,2,,
0,0.007287742,-1,1255,-0.18088778,0.0086625,0.000489113,111.7533333,0,0,0,1,,
0,0.007287742,-1,1255,-0.18088778,0.0086625,-0.000158304,111,0,0,0,2,,
0,0.007287742,-1,1255,-0.18088778,0.0086625,-4.08E-05,111.1733333,0,0,0,1,,
0,0.007287742,-1,1255,-0.18088778,0.0086625,7.67E-05,102,0,0,0,1,,
-0.01,-0.023473777,3,-4755,-0.014590339,-0.0449,2.08E-05,104.7,0,0,0,2,,
-0.01,-0.023473777,3,-4755,-0.014590339,-0.0449,-3.92E-05,119.3333333,0,0,0,2,,
-0.01,-0.023473777,3,-4755,-0.014590339,-0.0449,-9.18E-05,108,0,0,0,2,,
-0.01,-0.023473777,3,-4755,-0.014590339,-0.0449,7.30E-05,108,0,0,0,1,,
-0.01,-0.023473777,3,-4755,-0.014590339,-0.0449,-0.000211934,106.375,0,0,0,2,,
-0.01,-0.023473777,3,-4755,-0.014590339,-0.0449,0.000269815,112,0,0,0,1,,
-0.01,-0.023473777,3,-4755,-0.014590339,-0.0449,-0.000209211,113.8,0,0,0,2,,
-0.01,-0.023473777,3,-4755,-0.014590339,-0.0449,0.000347887,111.8,0,0,0,1,,
-0.01,-0.023473777,3,-4755,-0.014590339,-0.0449,-0.000221114,120.8,0,0,0,2,,
-0.01,-0.023473777,3,-4755,-0.014590339,-0.0449,0.000183257,115,0,0,0,1,,
-0.01,-0.023473777,3,-4755,-0.014590339,-0.0449,-0.000138487,99.33333333,0,0,0,2,,
-0.01,-0.023473777,3,-4755,-0.014590339,-0.0449,-0.000302402,104.84,0,0,0,2,,
-0.01,-0.023473777,3,-4755,-0.014590339,-0.0449,-8.79E-05,105,0,0,0,2,,
-0.01,-0.023473777,3,-4755,-0.014590339,-0.0449,0.000280172,114.2,0,0,0,1,,
-0.01,-0.023473777,3,-4755,-0.014590339,-0.0449,-6.80E-05,110.75,0,0,0,2,,
-0.01,-0.023473777,3,-4755,-0.014590339,-0.0449,-7.52E-05,112,0,0,0,1,,
-0.01,-0.023473777,3,-4755,-0.014590339,-0.0449,-0.000196703,101,0,0,0,2,,
-0.01,-0.023473777,3,-4755,-0.014590339,-0.0449,0.000406625,115.1666667,0,0,0,1,,
-0.01,-0.023473777,3,-4755,-0.014590339,-0.0449,-0.000164632,109.2,0,0,0,2,,
-0.01,-0.023473777,3,-4755,-0.014590339,-0.0449,9.67E-05,121.1666667,0,0,0,1,,
-0.01,-0.023473777,3,-4755,-0.014590339,-0.0449,-0.000205755,110.4,0,0,0,2,,
-0.01,-0.023473777,3,-4755,-0.014590339,-0.0449,-0.000151853,111.75,0,0,0,1,,
-0.01,-0.023473777,3,-4755,-0.014590339,-0.0449,-0.00033031,112.125,0,0,0,2,,
-0.01,-0.023473777,3,-4755,-0.014590339,-0.0449,-4.54E-05,113.1666667,0,0,0,1,,
-0.01,-0.023473777,3,-4755,-0.014590339,-0.0449,-0.000139731,112.6,0,0,0,2,,
-0.01,-0.023473777,3,-4755,-0.014590339,-0.0449,0.000202659,123.5,0,0,0,1,,
-0.01,-0.023473777,3,-4755,-0.014590339,-0.0449,-0.000215122,109,0,0,0,2,,
-0.01,-0.023473777,3,-4755,-0.014590339,-0.0449,0.000184468,116.2,0,0,0,1,,
-0.01,-0.023473777,3,-4755,-0.014590339,-0.0449,7.41E-05,106,0,0,0,2,,
-0.01,-0.023473777,3,-4755,-0.014590339,-0.0449,9.91E-05,108.208,0,0,0,1,,
-0.01,-0.023473777,3,-4755,-0.014590339,-0.0449,-7.59E-05,114,0,0,0,2,,
-0.01,-0.023473777,3,-4755,-0.014590339,-0.0449,-8.06E-05,115.8218182,0,0,0,2,,
-0.01,-0.01455304,1,-2390,-0.076002824,-0.03051875,0.000198351,118.1,0,0,0,2,,
-0.01,-0.01455304,1,-2390,-0.076002824,-0.03051875,-0.000363431,116.5,0,0,0,2,,
-0.01,-0.01455304,1,-2390,-0.076002824,-0.03051875,-0.000389898,107.3333333,0,0,0,2,,
-0.01,-0.01455304,1,-2390,-0.076002824,-0.03051875,-0.000403913,114,0,0,0,2,,
-0.01,-0.01455304,1,-2390,-0.076002824,-0.03051875,-0.000223635,118.2,0,0,0,2,,
-0.01,-0.01455304,1,-2390,-0.076002824,-0.03051875,0.000170559,119.84,0,0,0,1,,
-0.01,-0.01455304,1,-2390,-0.076002824,-0.03051875,-0.000254273,118,0,0,0,2,,
-0.01,-0.01455304,1,-2390,-0.076002824,-0.03051875,0.00026964,122.4,0,0,0,1,,
-0.01,-0.01455304,1,-2390,-0.076002824,-0.03051875,-3.51E-05,105.104,0,0,0,1,,
-0.01,-0.01455304,1,-2390,-0.076002824,-0.03051875,-9.59E-05,110.88,0,0,0,2,,
-0.01,-0.01455304,1,-2390,-0.076002824,-0.03051875,-0.000159781,110,0,0,0,2,,
-0.01,-0.01455304,1,-2390,-0.076002824,-0.03051875,0.000184492,120.8,0,0,0,1,,
-0.01,-0.01455304,1,-2390,-0.076002824,-0.03051875,-2.22E-05,106.8333333,0,0,0,2,,
-0.01,-0.01455304,1,-2390,-0.076002824,-0.03051875,0.00021398,114.25,0,0,0,1,,
-0.01,-0.01455304,1,-2390,-0.076002824,-0.03051875,-0.000113007,97.8,0,0,0,2,,
-0.01,-0.01455304,1,-2390,-0.076002824,-0.03051875,0.00011784,114.2,0,0,0,1,,
-0.01,-0.01455304,1,-2390,-0.076002824,-0.03051875,-0.000212793,113,0,0,0,2,,
-0.01,-0.01455304,1,-2390,-0.076002824,-0.03051875,0.000148712,115,0,0,0,1,,
-0.01,-0.01455304,1,-2390,-0.076002824,-0.03051875,-0.00020847,116.5066667,0,0,0,2,,
-0.01,-0.01455304,1,-2390,-0.076002824,-0.03051875,9.00E-05,116.2142857,0,0,0,1,,
-0.01,-0.01455304,1,-2390,-0.076002824,-0.03051875,0.000229358,108.5,0,0,0,1,,
-0.01,-0.01455304,1,-2390,-0.076002824,-0.03051875,7.12E-05,111,0,0,0,1,,
-0.01,-0.01455304,1,-2390,-0.076002824,-0.03051875,-0.00012686,114.1666667,0,0,0,2,,
-0.01,-0.01455304,1,-2390,-0.076002824,-0.03051875,0.000109521,110.375,0,0,0,1,,
-0.01,-0.01455304,1,-2390,-0.076002824,-0.03051875,0.000229983,108.93875,0,0,0,1,,
-0.01,-0.01455304,1,-2390,-0.076002824,-0.03051875,0.000102188,118.8,0,0,0,1,,
-0.01,-0.01455304,1,-2390,-0.076002824,-0.03051875,7.67E-05,115.4,0,0,0,1,,
-0.01,-0.01455304,1,-2390,-0.076002824,-0.03051875,0.000233252,120.5066667,0,0,0,1,,
-0.01,-0.01455304,1,-2390,-0.076002824,-0.03051875,-0.000288556,111.875,0,0,0,2,,
-0.01,-0.01455304,1,-2390,-0.076002824,-0.03051875,0.000382834,110.9233333,0,0,0,1,,
-0.01,-0.01455304,1,-2390,-0.076002824,-0.03051875,-0.000638001,107.75,0,0,0,2,,
-0.01,-0.01455304,1,-2390,-0.076002824,-0.03051875,-0.000153478,113.8,0,0,0,2,,
-0.01,-0.01455304,1,-2390,-0.076002824,-0.03051875,-0.00035303,112.1666667,0,0,0,2,,
-0.01,-0.01455304,1,-2390,-0.076002824,-0.03051875,7.23E-05,113.2,0,0,0,1,,
-0.01,-0.01455304,1,-2390,-0.076002824,-0.03051875,-0.000359778,109.75,0,0,0,2,,
-0.01,-0.01455304,1,-2390,-0.076002824,-0.03051875,-0.000200546,114.216,0,0,0,2,,
-0.01,-0.01455304,1,-2390,-0.076002824,-0.03051875,6.94E-05,109,0,0,0,2,,
-0.01,-0.01455304,1,-2390,-0.076002824,-0.03051875,1.57E-05,106.375,0,0,0,1,,
-0.01,-0.01455304,1,-2390,-0.076002824,-0.03051875,9.52E-05,115.3333333,0,0,0,1,,
-0.01,-0.01455304,1,-2390,-0.076002824,-0.03051875,0.000133877,116.5,0,0,0,1,,
-0.01,-0.01455304,1,-2390,-0.076002824,-0.03051875,-0.000101552,115,0,0,0,2,,
-0.01,-0.01455304,1,-2390,-0.076002824,-0.03051875,9.74E-05,115,0,0,0,1,,
-0.01,-0.01455304,1,-2390,-0.076002824,-0.03051875,-0.000203685,115.6666667,0,0,0,2,,
-0.01,-0.01455304,1,-2390,-0.076002824,-0.03051875,0.00023659,104.4,0,0,0,1,,
-0.01,-0.01455304,1,-2390,-0.076002824,-0.03051875,-0.000172757,110.2,0,0,0,2,,
-0.01,-0.01455304,1,-2390,-0.076002824,-0.03051875,0.000289775,124.5,0,0,0,1,,
